Date,Website country,User Country,Device Category,Site visits,Bookings,Booking Tool visits
2022-09-12,NL,NL,desktop,25025,2119,16031
2022-09-05,NL,NL,desktop,24832,2190,15764
2022-08-29,NL,NL,desktop,24120,2187,15467
2022-09-06,NL,NL,desktop,23223,2244,14993
2022-09-08,NL,NL,desktop,23175,2132,15306
2022-09-26,NL,NL,desktop,23125,1804,14495
2022-09-13,NL,NL,desktop,22733,1871,14421
2022-08-30,NL,NL,desktop,22685,1998,14515
2022-08-22,NL,NL,desktop,22492,1865,14378
2022-09-19,NL,NL,desktop,22423,1706,13758
2022-09-07,NL,NL,desktop,22384,1955,14667
2022-09-20,NL,NL,desktop,21599,1630,13385
2022-08-31,NL,NL,desktop,21455,2067,13929
2022-09-14,NL,NL,desktop,21206,1859,13296
2022-09-21,NL,NL,desktop,21000,1781,13396
2022-09-27,NL,NL,desktop,20691,1790,13309
2022-08-23,NL,NL,desktop,20676,1929,13220
2022-09-01,NL,NL,desktop,20037,1900,12654
2022-08-24,NL,NL,desktop,19917,1787,12422
2022-09-09,NL,NL,desktop,19775,1875,12804
2022-09-15,NL,NL,desktop,19670,1730,12369
2022-09-28,NL,NL,desktop,19256,1697,12358
2022-09-16,NL,NL,desktop,19020,1473,11421
2022-08-25,NL,NL,desktop,18797,1727,11782
2022-09-22,NL,NL,desktop,18711,1490,11672
2022-09-29,NL,NL,desktop,18193,1519,11197
2022-09-02,NL,NL,desktop,17998,1703,11291
2022-09-23,NL,NL,desktop,17694,1395,10911
2022-08-26,NL,NL,desktop,17475,1654,10953
2022-09-18,NL,NL,desktop,14981,1217,9571
2022-09-11,NL,NL,desktop,13584,1383,9106
2022-09-18,NL,NL,mobile,13272,127,7532
2022-09-08,NL,NL,mobile,13234,158,8416
2022-09-04,NL,NL,desktop,13231,1245,8789
2022-09-25,NL,NL,desktop,13026,1171,8524
2022-09-04,NL,NL,mobile,12976,162,8386
2022-08-28,NL,NL,desktop,12645,1251,8378
2022-08-24,NL,NL,mobile,12598,191,7060
2022-08-28,NL,NL,mobile,12531,159,7690
2022-09-11,NL,NL,mobile,12474,190,8072
2022-09-17,NL,NL,desktop,12443,963,7103
2022-09-17,NL,NL,mobile,12423,152,6627
2022-09-05,NL,NL,mobile,12391,185,7434
2022-09-12,NL,NL,mobile,12077,160,7459
2022-09-01,NL,NL,mobile,11927,158,6732
2022-09-06,NL,NL,mobile,11865,179,7531
2022-08-31,NL,NL,mobile,11804,206,6943
2022-09-07,NL,NL,mobile,11759,170,7544
2022-08-22,NL,NL,mobile,11722,198,7289
2022-09-10,NL,NL,desktop,11304,1078,7421
2022-08-25,NL,NL,mobile,11297,191,6586
2022-08-29,NL,NL,mobile,11241,160,6942
2022-09-13,US,US,desktop,11209,648,5146
2022-08-23,NL,NL,mobile,11184,155,6784
2022-08-27,NL,NL,mobile,11178,202,6705
2022-09-13,NL,NL,mobile,11178,170,6954
2022-09-02,NL,NL,mobile,11049,156,6639
2022-09-25,NL,NL,mobile,11043,141,7080
2022-09-24,NL,NL,desktop,10895,937,6810
2022-09-16,NL,NL,mobile,10795,133,6170
2022-08-30,NL,NL,mobile,10726,177,6637
2022-09-10,NL,NL,mobile,10645,169,6765
2022-09-09,NL,NL,mobile,10568,189,6497
2022-09-03,NL,NL,mobile,10556,152,6422
2022-08-27,NL,NL,desktop,10547,1034,6829
2022-08-26,NL,NL,mobile,10442,179,6127
2022-09-15,US,US,desktop,10392,585,4919
2022-09-20,US,US,desktop,10334,599,5028
2022-09-14,NL,NL,mobile,10194,190,6315
2022-09-12,US,US,desktop,10167,588,4981
2022-09-19,NL,NL,mobile,10161,142,6029
2022-09-21,NL,NL,mobile,10101,142,6319
2022-09-03,NL,NL,desktop,10097,994,6346
2022-09-20,NL,NL,mobile,10091,133,6185
2022-09-14,US,US,desktop,9931,684,4963
2022-09-24,NL,NL,mobile,9900,129,6186
2022-09-07,US,US,desktop,9833,604,4968
2022-09-26,NL,NL,mobile,9814,126,6305
2022-09-19,US,US,desktop,9726,595,4630
2022-09-15,NL,NL,mobile,9697,141,6038
2022-09-08,US,US,desktop,9541,640,4831
2022-09-16,US,US,desktop,9510,591,4382
2022-09-27,US,US,desktop,9331,608,4786
2022-09-23,NL,NL,mobile,9314,145,5635
2022-09-27,NL,NL,mobile,9189,150,6077
2022-09-21,US,US,desktop,9179,571,4661
2022-09-22,NL,NL,mobile,9172,142,5745
2022-09-29,NL,NL,mobile,9119,134,5516
2022-09-22,US,US,desktop,9029,585,4475
2022-09-26,US,US,desktop,8981,569,4470
2022-09-28,NL,NL,mobile,8918,148,5697
2022-09-09,US,US,desktop,8799,609,4347
2022-09-28,US,US,desktop,8718,642,4535
2022-09-06,US,US,desktop,8585,604,4587
2022-08-29,US,US,desktop,8278,560,3904
2022-09-23,US,US,desktop,8226,508,4002
2022-09-29,US,US,desktop,8167,535,4231
2022-08-24,US,US,desktop,8100,609,4010
2022-08-23,US,US,desktop,7986,620,4185
2022-09-01,US,US,desktop,7969,570,4223
2022-08-30,US,US,desktop,7846,565,3975
2022-08-22,US,US,desktop,7769,602,3914
2022-08-31,US,US,desktop,7769,600,4082
2022-08-25,US,US,desktop,7746,549,3617
2022-09-17,US,US,mobile,7723,119,2703
2022-09-02,US,US,desktop,7547,531,4077
2022-08-26,US,US,desktop,7454,502,3569
2022-09-18,US,US,mobile,7250,119,2824
2022-09-17,US,US,desktop,7204,394,3444
2022-09-16,US,US,mobile,7178,110,2655
2022-09-11,US,US,desktop,7102,468,3719
2022-09-18,US,US,desktop,7100,438,3533
2022-09-15,US,US,mobile,6871,107,2783
2022-09-12,US,US,mobile,6827,118,2743
2022-09-14,US,US,mobile,6767,125,2738
2022-09-10,US,US,desktop,6765,462,3338
2022-09-11,US,US,mobile,6740,125,2698
2022-09-19,US,US,mobile,6739,113,2695
2022-09-05,US,US,desktop,6657,410,3644
2022-09-13,US,US,mobile,6636,123,2683
2022-09-20,US,US,mobile,6582,117,2582
2022-09-25,US,US,mobile,6490,124,2634
2022-09-21,US,US,mobile,6353,88,2570
2022-09-08,US,US,mobile,6283,117,2550
2022-09-23,US,US,mobile,6227,141,2413
2022-09-26,US,US,mobile,6218,122,2439
2022-09-25,US,US,desktop,6212,410,3236
2022-09-22,US,US,mobile,6203,103,2587
2022-08-27,US,US,desktop,6171,395,2742
2022-09-29,US,US,mobile,6163,121,2491
2022-09-09,US,US,mobile,6063,130,2363
2022-09-10,US,US,mobile,6059,130,2375
2022-09-27,US,US,mobile,6041,114,2464
2022-09-28,US,US,mobile,6022,122,2501
2022-09-24,US,US,desktop,5964,397,3025
2022-09-12,US,NL,desktop,5929,167,2156
2022-09-24,US,US,mobile,5840,125,2292
2022-09-13,US,NL,desktop,5711,129,1945
2022-08-28,US,US,desktop,5706,334,2800
2022-09-26,US,NL,desktop,5625,158,2154
2022-09-19,US,NL,desktop,5612,123,1985
2022-09-20,US,NL,desktop,5471,110,1922
2022-09-21,US,NL,desktop,5396,136,1964
2022-09-03,US,US,desktop,5353,387,2874
2022-09-07,US,US,mobile,5346,124,2212
2022-09-04,US,US,desktop,5270,360,2904
2022-09-22,US,NL,desktop,5166,129,1955
2022-09-27,US,NL,desktop,5160,170,1940
2022-09-14,US,NL,desktop,5139,122,1819
2022-09-15,US,NL,desktop,5087,129,1723
2022-09-05,DE,DE,desktop,5045,297,3328
2022-09-08,US,NL,desktop,5015,129,1924
2022-09-17,US,NL,mobile,4967,41,1244
2022-09-16,US,NL,desktop,4939,121,1666
2022-09-06,DE,DE,desktop,4916,351,3378
2022-08-29,DE,DE,desktop,4888,378,3166
2022-09-12,DE,DE,desktop,4782,302,3170
2022-08-22,DE,DE,desktop,4759,304,3118
2022-09-01,DE,DE,desktop,4751,337,3117
2022-09-28,US,NL,desktop,4721,133,1753
2022-09-13,DE,DE,desktop,4720,357,3198
2022-09-09,US,NL,desktop,4703,120,1695
2022-09-26,DE,DE,desktop,4701,290,3060
2022-09-23,US,NL,desktop,4658,128,1636
2022-08-30,DE,DE,desktop,4648,342,3087
2022-09-29,US,NL,desktop,4640,134,1674
2022-09-08,DE,DE,desktop,4574,340,3088
2022-08-31,DE,DE,desktop,4544,354,3000
2022-08-23,DE,DE,desktop,4541,291,2926
2022-09-18,US,NL,mobile,4538,31,1446
2022-09-14,DE,DE,desktop,4530,332,3092
2022-09-19,DE,DE,desktop,4488,276,2996
2022-09-07,US,NL,desktop,4446,113,1840
2022-09-27,DE,DE,desktop,4422,331,3035
2022-08-24,DE,DE,desktop,4381,292,2847
2022-09-20,DE,DE,desktop,4299,261,2757
2022-09-07,DE,DE,desktop,4234,343,2847
2022-09-15,DE,DE,desktop,4215,283,2842
2022-08-25,DE,DE,desktop,4006,280,2573
2022-09-28,DE,DE,desktop,3999,299,2742
2022-09-12,US,NL,mobile,3992,29,1321
2022-09-16,US,NL,mobile,3992,27,1116
2022-09-25,US,NL,mobile,3953,34,1439
2022-09-16,DE,DE,desktop,3917,274,2531
2022-09-18,US,NL,desktop,3913,104,1364
2022-09-21,DE,DE,desktop,3894,256,2648
2022-09-29,DE,DE,desktop,3845,296,2544
2022-09-02,DE,DE,desktop,3825,273,2484
2022-09-05,US,US,mobile,3792,82,1901
2022-09-11,US,NL,mobile,3779,33,1352
2022-09-09,DE,DE,desktop,3774,262,2527
2022-09-22,DE,DE,desktop,3712,268,2418
2022-08-31,US,US,mobile,3684,96,1791
2022-08-27,US,US,mobile,3629,71,1781
2022-08-26,DE,DE,desktop,3605,257,2365
2022-09-11,US,NL,desktop,3603,105,1300
2022-08-23,US,US,mobile,3599,70,1688
2022-08-28,US,US,mobile,3593,86,1787
2022-09-02,US,US,mobile,3590,85,1686
2022-09-11,DE,DE,desktop,3586,304,2575
2022-09-22,US,NL,mobile,3582,30,1192
2022-09-21,US,NL,mobile,3564,25,1187
2022-09-19,US,NL,mobile,3563,23,1064
2022-09-13,US,NL,mobile,3555,31,1209
2022-08-24,US,US,mobile,3539,99,1746
2022-08-22,US,US,mobile,3511,78,1676
2022-09-18,DE,DE,desktop,3504,249,2359
2022-09-04,US,US,mobile,3497,81,1583
2022-09-06,US,US,mobile,3489,62,1700
2022-09-03,US,US,mobile,3480,92,1628
2022-09-20,US,NL,mobile,3477,33,1092
2022-09-17,US,NL,desktop,3446,74,1014
2022-09-26,US,NL,mobile,3443,19,1237
2022-09-24,US,NL,mobile,3441,26,1169
2022-08-26,US,US,mobile,3429,68,1679
2022-09-01,US,US,mobile,3428,95,1614
2022-09-23,US,NL,mobile,3423,28,1071
2022-08-28,DE,DE,desktop,3409,255,2391
2022-09-08,US,NL,mobile,3409,31,1195
2022-08-30,US,US,mobile,3395,78,1550
2022-08-29,US,US,mobile,3392,73,1632
2022-09-25,US,NL,desktop,3370,91,1167
2022-08-25,US,US,mobile,3368,86,1613
2022-09-14,US,NL,mobile,3363,27,1120
2022-09-23,DE,DE,desktop,3354,210,2115
2022-08-22,NO,NO,desktop,3351,238,2465
2022-09-29,US,NL,mobile,3341,30,1142
2022-09-25,DE,DE,desktop,3300,227,2296
2022-09-10,US,NL,mobile,3290,35,1166
2022-09-05,NO,NO,desktop,3280,295,2368
2022-09-27,US,NL,mobile,3277,24,1150
2022-09-04,DE,DE,desktop,3264,243,2298
2022-09-09,US,NL,mobile,3227,41,1041
2022-09-12,NO,NO,desktop,3220,250,2285
2022-09-15,US,NL,mobile,3212,26,1057
2022-09-28,US,NL,mobile,3148,24,1082
2022-09-26,NO,NO,desktop,3115,253,2174
2022-09-06,NO,NO,desktop,3100,252,2272
2022-09-13,NO,NO,desktop,3016,230,2168
2022-08-24,NL,US,mobile,3001,46,1505
2022-08-29,NO,NO,desktop,2987,275,2214
2022-09-24,US,NL,desktop,2984,68,976
2022-09-10,US,NL,desktop,2960,77,974
2022-09-01,IT,IT,desktop,2959,178,2188
2022-08-23,NO,NO,desktop,2947,234,2174
2022-09-05,IT,IT,desktop,2923,179,2095
2022-08-23,NL,US,mobile,2896,57,1547
2022-08-24,NO,NO,desktop,2881,241,2082
2022-09-18,NL,US,mobile,2881,32,1413
2022-09-10,DE,DE,desktop,2877,198,1953
2022-09-07,NO,NO,desktop,2860,223,2013
2022-09-14,NO,NO,desktop,2845,266,2027
2022-09-07,US,NL,mobile,2844,20,1136
2022-08-31,NO,NO,desktop,2811,260,1998
2022-09-19,NO,NO,desktop,2802,234,1962
2022-08-29,IT,IT,desktop,2800,159,2040
2022-09-01,NO,NO,desktop,2796,236,1976
2022-09-12,IT,IT,desktop,2775,171,2008
2022-08-30,NO,NO,desktop,2774,263,1982
2022-09-27,NO,NO,desktop,2769,256,1885
2022-09-04,DE,DE,mobile,2751,41,1763
2022-08-31,IT,IT,desktop,2732,155,1991
2022-09-06,IT,IT,desktop,2727,184,1993
2022-09-17,DE,DE,desktop,2723,176,1788
2022-08-30,IT,IT,desktop,2711,136,1942
2022-09-11,DE,DE,mobile,2702,38,1806
2022-08-25,NO,NO,desktop,2689,201,1920
2022-09-17,NL,US,mobile,2688,26,1146
2022-09-27,IT,IT,desktop,2673,152,1951
2022-09-08,NL,US,mobile,2659,42,1415
2022-09-07,IT,IT,desktop,2656,149,1982
2022-09-13,IT,IT,desktop,2630,169,1915
2022-09-18,DE,DE,mobile,2628,38,1745
2022-08-28,DE,DE,mobile,2622,63,1648
2022-09-15,NO,NO,desktop,2600,227,1815
2022-09-20,NO,NO,desktop,2596,221,1810
2022-09-22,NO,NO,desktop,2586,196,1763
2022-09-21,NO,NO,desktop,2573,205,1793
2022-09-08,NO,NO,desktop,2571,199,1828
2022-09-03,DE,DE,desktop,2566,192,1691
2022-08-28,NL,US,mobile,2558,49,1428
2022-09-01,DE,DE,mobile,2545,48,1500
2022-08-27,DE,DE,desktop,2532,187,1703
2022-09-28,NO,NO,desktop,2518,206,1752
2022-09-08,IT,IT,desktop,2511,171,1864
2022-09-01,NL,US,mobile,2495,34,1220
2022-09-04,NL,US,mobile,2483,37,1350
2022-09-12,NL,US,mobile,2481,30,1233
2022-09-14,IT,IT,desktop,2479,163,1828
2022-09-26,IT,IT,desktop,2479,155,1785
2022-09-02,IT,IT,desktop,2476,167,1754
2022-09-20,IT,IT,desktop,2455,144,1792
2022-09-06,DE,DE,mobile,2447,44,1538
2022-09-05,NL,US,mobile,2437,36,1246
2022-09-11,NL,US,mobile,2437,28,1313
2022-09-25,DE,DE,mobile,2431,37,1633
2022-09-29,NO,NO,desktop,2423,193,1672
2022-08-22,DE,DE,mobile,2418,39,1501
2022-09-06,NL,US,mobile,2418,45,1287
2022-09-15,IT,IT,desktop,2413,135,1704
2022-09-12,DE,DE,mobile,2412,40,1503
2022-08-29,NL,US,mobile,2408,44,1240
2022-09-05,DE,DE,mobile,2392,43,1503
2022-09-19,IT,IT,desktop,2389,112,1714
2022-09-03,NL,US,mobile,2383,33,1240
2022-09-24,DE,DE,desktop,2380,149,1600
2022-08-31,NL,US,mobile,2377,27,1280
2022-09-28,IT,IT,desktop,2373,144,1770
2022-08-30,DE,DE,mobile,2367,44,1468
2022-09-20,NL,US,mobile,2336,32,1241
2022-08-31,DE,DE,mobile,2331,42,1375
2022-08-27,NL,US,mobile,2323,56,1240
2022-09-02,DE,DE,mobile,2314,43,1385
2022-09-16,NL,US,mobile,2314,34,1095
2022-08-22,IT,IT,desktop,2308,127,1618
2022-09-21,IT,IT,desktop,2305,126,1681
2022-08-23,DE,DE,mobile,2299,32,1450
2022-09-17,DE,DE,mobile,2298,17,1357
2022-08-28,NO,NO,desktop,2297,237,1739
2022-08-23,IT,IT,desktop,2292,118,1604
2022-09-29,IT,IT,desktop,2291,156,1658
2022-09-08,DE,DE,mobile,2286,41,1455
2022-08-30,NL,US,mobile,2283,35,1175
2022-08-22,NL,US,mobile,2276,42,1089
2022-09-14,DE,DE,mobile,2268,46,1497
2022-09-23,NO,NO,desktop,2268,196,1524
2022-09-10,DE,DE,mobile,2262,39,1437
2022-09-16,NO,NO,desktop,2261,187,1531
2022-08-24,IT,IT,desktop,2258,125,1624
2022-09-13,NL,US,mobile,2245,36,1155
2022-09-03,DE,DE,mobile,2243,33,1390
2022-09-09,NL,US,mobile,2238,33,1109
2022-08-29,DE,DE,mobile,2235,45,1380
2022-08-24,DE,DE,mobile,2234,42,1343
2022-09-09,IT,IT,desktop,2228,165,1604
2022-09-16,DE,DE,mobile,2210,23,1307
2022-09-25,NO,NO,desktop,2202,197,1597
2022-09-09,NO,NO,desktop,2197,217,1575
2022-09-19,NL,US,mobile,2187,31,1111
2022-09-02,NO,NO,desktop,2182,217,1516
2022-09-29,DE,DE,mobile,2182,34,1290
2022-08-25,DE,DE,mobile,2180,47,1345
2022-09-15,NL,US,mobile,2174,21,1102
2022-09-22,IT,IT,desktop,2172,137,1569
2022-09-13,DE,DE,mobile,2165,36,1400
2022-09-04,NO,NO,desktop,2157,218,1619
2022-08-26,NO,NO,desktop,2152,198,1586
2022-08-25,IT,IT,desktop,2145,111,1547
2022-09-16,IT,IT,desktop,2145,126,1528
2022-09-15,DE,DE,mobile,2143,47,1433
2022-09-07,DE,DE,mobile,2136,55,1387
2022-09-25,NL,US,mobile,2112,33,1082
2022-08-27,DE,DE,mobile,2109,47,1269
2022-08-25,NL,US,mobile,2098,27,1019
2022-09-28,DE,DE,mobile,2097,46,1365
2022-09-10,NL,US,mobile,2090,32,1015
2022-09-23,IT,IT,desktop,2074,126,1439
2022-08-26,NL,US,mobile,2070,36,1000
2022-09-19,DE,DE,mobile,2068,34,1298
2022-09-20,DE,DE,mobile,2067,38,1326
2022-08-26,DE,DE,mobile,2057,33,1236
2022-09-21,NL,US,mobile,2047,38,1066
2022-09-09,DE,DE,mobile,2042,30,1220
2022-09-27,DE,DE,mobile,1998,45,1316
2022-08-26,IT,IT,desktop,1992,114,1394
2022-09-21,DE,DE,mobile,1986,41,1323
2022-09-26,DE,DE,mobile,1985,31,1285
2022-09-14,NL,US,mobile,1982,38,1036
2022-09-18,NO,NO,desktop,1973,181,1479
2022-08-28,NO,NO,mobile,1962,43,1367
2022-09-11,NO,NO,desktop,1960,194,1451
2022-09-24,DE,DE,mobile,1949,31,1253
2022-09-26,NL,US,mobile,1944,21,972
2022-09-02,NL,US,mobile,1930,30,882
2022-09-01,IT,IT,mobile,1899,27,1363
2022-09-04,IT,IT,mobile,1888,26,1382
2022-09-23,NL,US,mobile,1882,23,829
2022-09-05,IT,IT,mobile,1867,26,1294
2022-09-07,NL,US,mobile,1863,18,992
2022-09-25,NO,NO,mobile,1835,36,1231
2022-09-22,NL,US,mobile,1830,29,960
2022-08-31,IT,IT,mobile,1822,19,1293
2022-09-27,NL,US,mobile,1815,31,895
2022-09-29,NL,US,mobile,1811,21,849
2022-09-04,NO,NO,mobile,1808,34,1268
2022-09-06,IT,IT,mobile,1785,19,1295
2022-09-22,DE,DE,mobile,1775,31,1132
2022-09-02,IT,IT,mobile,1761,21,1252
2022-08-28,IT,IT,mobile,1741,21,1265
2022-09-23,DE,DE,mobile,1734,31,1089
2022-08-30,IT,IT,mobile,1733,27,1184
2022-08-22,IT,IT,mobile,1717,24,1162
2022-09-11,NO,NO,mobile,1716,41,1135
2022-09-18,NO,NO,mobile,1715,34,1161
2022-09-07,IT,IT,mobile,1713,19,1227
2022-08-27,IT,IT,mobile,1702,25,1173
2022-09-28,NL,US,mobile,1679,31,842
2022-08-23,IT,IT,mobile,1670,21,1161
2022-09-24,NL,US,mobile,1659,20,750
2022-09-11,IT,IT,mobile,1655,30,1193
2022-08-24,IT,IT,mobile,1645,28,1139
2022-08-25,IT,IT,mobile,1637,19,1129
2022-09-03,IT,IT,mobile,1630,14,1193
2022-08-29,IT,IT,mobile,1621,20,1137
2022-08-22,NO,NO,mobile,1618,26,1090
2022-09-06,NO,NO,mobile,1581,37,1064
2022-08-24,NO,NO,mobile,1578,28,1049
2022-09-08,IT,IT,mobile,1568,13,1099
2022-09-14,IT,IT,mobile,1567,20,1123
2022-09-05,NO,NO,mobile,1561,36,1050
2022-09-13,IT,IT,mobile,1560,26,1156
2022-08-31,NO,NO,mobile,1543,49,1039
2022-09-12,IT,IT,mobile,1541,21,1087
2022-08-23,NL,US,desktop,1511,123,820
2022-09-10,IT,IT,mobile,1499,19,1099
2022-09-18,IT,IT,mobile,1498,14,1032
2022-08-24,NL,US,desktop,1494,103,792
2022-09-04,IT,IT,desktop,1485,90,1114
2022-09-20,IT,IT,mobile,1485,21,1070
2022-09-17,NO,NO,desktop,1482,142,1030
2022-09-15,IT,IT,mobile,1479,16,1064
2022-09-12,NO,NO,mobile,1476,26,974
2022-09-27,IT,IT,mobile,1474,25,1069
2022-09-08,NL,US,desktop,1472,98,902
2022-09-13,NL,US,desktop,1467,96,774
2022-08-30,NO,NO,mobile,1433,44,965
2022-08-25,NO,NO,mobile,1432,32,942
2022-08-26,IT,IT,mobile,1431,24,988
2022-09-25,IT,IT,mobile,1426,24,1062
2022-09-01,NO,NO,mobile,1421,35,930
2022-09-07,NO,NO,mobile,1417,39,960
2022-09-06,NL,US,desktop,1410,111,829
2022-09-29,IT,IT,mobile,1407,19,996
2022-09-09,IT,IT,mobile,1405,18,969
2022-09-17,IT,IT,desktop,1400,92,970
2022-09-21,IT,IT,mobile,1399,16,1008
2022-09-13,NO,NO,mobile,1397,29,939
2022-08-31,NL,US,desktop,1395,98,757
2022-09-19,IT,IT,mobile,1393,18,1007
2022-09-24,NO,NO,desktop,1389,107,937
2022-09-17,NO,NO,mobile,1388,34,860
2022-08-29,NO,NO,mobile,1387,34,946
2022-09-26,NO,NO,mobile,1387,32,880
2022-08-27,NO,NO,desktop,1378,120,1047
2022-08-30,NL,US,desktop,1376,95,772
2022-09-03,NO,NO,desktop,1375,128,1026
2022-09-28,IT,IT,mobile,1375,22,1003
2022-09-03,IT,IT,desktop,1374,91,1008
2022-08-23,NO,NO,mobile,1372,28,927
2022-09-12,NL,US,desktop,1371,97,739
2022-09-17,IT,IT,mobile,1371,11,870
2022-09-16,IT,IT,mobile,1360,17,953
2022-09-14,NL,US,desktop,1359,94,728
2022-09-14,NO,NO,mobile,1357,29,920
2022-09-03,NO,NO,mobile,1355,32,940
2022-09-26,IT,IT,mobile,1348,16,1011
2022-09-10,NO,NO,desktop,1343,137,946
2022-09-22,IT,IT,mobile,1340,15,977
2022-09-19,NO,NO,mobile,1334,32,880
2022-09-20,NO,NO,mobile,1327,34,893
2022-09-08,NO,NO,mobile,1312,34,858
2022-09-20,NL,US,desktop,1312,92,721
2022-08-27,NO,NO,mobile,1311,37,937
2022-09-11,IT,IT,desktop,1310,92,969
2022-09-25,IT,IT,desktop,1309,77,988
2022-09-16,NL,US,desktop,1307,90,674
2022-09-16,NO,NO,mobile,1299,33,816
2022-09-24,IT,IT,mobile,1295,14,921
2022-09-15,NO,NO,mobile,1293,37,853
2022-09-27,NO,NO,mobile,1276,37,825
2022-09-22,NO,NO,mobile,1270,22,873
2022-09-23,NO,NO,mobile,1266,28,791
2022-09-15,NL,US,desktop,1264,85,668
2022-08-28,IT,IT,desktop,1263,63,934
2022-09-01,NL,US,desktop,1257,97,660
2022-08-22,NL,US,desktop,1253,96,710
2022-09-05,NL,US,desktop,1252,72,701
2022-09-02,NO,NO,mobile,1250,33,854
2022-08-27,IT,IT,desktop,1249,62,894
2022-08-26,NO,NO,mobile,1246,31,865
2022-08-29,NL,US,desktop,1246,89,690
2022-09-21,NL,US,desktop,1246,105,674
2022-09-24,IT,IT,desktop,1240,67,881
2022-09-24,NO,NO,mobile,1240,24,792
2022-09-28,NO,NO,mobile,1239,20,804
2022-09-29,NO,NO,mobile,1237,29,793
2022-09-26,US,DE,desktop,1233,31,477
2022-09-09,NL,US,desktop,1232,99,714
2022-09-09,NO,NO,mobile,1230,28,796
2022-09-19,NL,US,desktop,1229,69,663
2022-09-19,US,DE,desktop,1226,29,469
2022-09-18,IT,IT,desktop,1225,60,923
2022-09-12,US,DE,desktop,1224,32,487
2022-09-23,IT,IT,mobile,1224,18,911
2022-09-14,US,DE,desktop,1221,35,491
2022-09-21,NO,NO,mobile,1219,31,815
2022-09-13,US,DE,desktop,1199,34,486
2022-09-27,US,DE,desktop,1187,26,501
2022-09-08,US,DE,desktop,1181,34,475
2022-09-10,NO,NO,mobile,1176,35,787
2022-09-10,IT,IT,desktop,1175,68,876
2022-09-20,US,DE,desktop,1174,31,455
2022-09-17,NL,US,desktop,1160,76,572
2022-09-15,US,DE,desktop,1154,36,470
2022-09-22,US,DE,desktop,1154,43,444
2022-09-18,NL,US,desktop,1149,75,631
2022-09-22,NL,US,desktop,1143,70,586
2022-09-27,NL,US,desktop,1140,103,612
2022-09-26,NL,US,desktop,1138,76,606
2022-09-28,NL,US,desktop,1123,105,651
2022-09-07,NL,US,desktop,1110,84,587
2022-08-25,NL,US,desktop,1104,65,541
2022-09-02,NL,US,desktop,1102,76,573
2022-08-26,NL,US,desktop,1085,80,530
2022-09-29,NL,US,desktop,1079,83,561
2022-09-28,US,DE,desktop,1073,36,433
2022-09-11,NL,US,desktop,1067,69,628
2022-09-29,US,DE,desktop,1066,31,415
2022-09-04,NL,US,desktop,1035,68,596
2022-08-28,NL,US,desktop,1033,64,608
2022-09-21,US,DE,desktop,1023,27,385
2022-09-23,NL,US,desktop,1008,55,516
2022-09-17,US,DE,mobile,1006,5,233
2022-09-23,US,DE,desktop,1001,35,374
2022-09-07,US,DE,desktop,996,20,368
2022-09-16,US,DE,desktop,970,29,354
2022-09-09,US,DE,desktop,944,35,365
2022-09-18,US,DE,mobile,934,4,245
2022-09-12,US,DE,mobile,927,11,226
2022-09-03,NL,US,desktop,921,55,515
2022-09-25,NL,US,desktop,915,64,536
2022-09-25,US,DE,mobile,908,10,258
2022-09-25,US,DE,desktop,891,37,370
2022-09-18,US,DE,desktop,887,24,350
2022-09-16,US,DE,mobile,876,7,195
2022-09-08,US,DE,mobile,874,7,225
2022-09-10,NL,US,desktop,857,51,487
2022-09-11,US,DE,mobile,851,8,213
2022-09-29,US,DE,mobile,847,10,179
2022-08-27,NL,US,desktop,844,74,428
2022-09-13,US,DE,mobile,826,10,223
2022-09-11,US,DE,desktop,824,15,338
2022-09-19,US,DE,mobile,811,3,176
2022-09-26,US,DE,mobile,811,5,219
2022-09-11,NL,NL,tablet,801,26,544
2022-09-23,US,DE,mobile,799,6,202
2022-09-09,US,DE,mobile,798,3,183
2022-09-10,US,DE,mobile,786,6,201
2022-09-26,US,NO,desktop,777,22,388
2022-09-28,US,DE,mobile,777,14,217
2022-08-28,NL,NL,tablet,767,31,488
2022-09-27,US,DE,mobile,765,10,200
2022-09-12,US,NO,desktop,763,20,386
2022-09-15,US,DE,mobile,763,11,175
2022-09-18,NL,NL,tablet,756,19,470
2022-09-04,NL,NL,tablet,753,22,491
2022-09-19,US,NO,desktop,748,28,354
2022-09-22,US,DE,mobile,746,9,220
2022-09-14,US,DE,mobile,739,6,200
2022-09-08,NL,NL,tablet,735,20,506
2022-09-24,US,DE,mobile,734,4,210
2022-09-20,US,DE,mobile,727,6,184
2022-09-13,US,NO,desktop,724,13,346
2022-09-17,NL,NL,tablet,719,11,399
2022-09-14,US,NO,desktop,713,21,364
2022-09-17,US,DE,desktop,703,17,270
2022-09-24,NL,US,desktop,698,44,363
2022-09-21,US,DE,mobile,697,10,173
2022-09-27,US,NO,desktop,682,26,313
2022-09-15,US,NO,desktop,680,25,342
2022-09-10,US,DE,desktop,679,21,282
2022-09-22,US,NO,desktop,677,20,339
2022-09-20,US,NO,desktop,673,20,315
2022-09-05,NL,NL,tablet,668,22,422
2022-08-31,NL,NL,tablet,665,20,386
2022-09-29,US,NO,desktop,665,34,291
2022-09-07,NL,NL,tablet,657,17,463
2022-09-21,US,NO,desktop,652,19,314
2022-09-10,NL,NL,tablet,650,13,416
2022-09-24,US,DE,desktop,645,18,279
2022-08-27,NL,NL,tablet,642,20,398
2022-09-28,US,NO,desktop,636,17,267
2022-08-23,NL,NL,tablet,630,16,382
2022-09-25,US,NO,mobile,627,2,243
2022-09-16,US,NO,desktop,619,16,273
2022-09-25,NL,NL,tablet,619,11,413
2022-09-23,US,NO,desktop,613,14,264
2022-09-12,NL,NL,tablet,612,28,396
2022-08-24,NL,NL,tablet,607,21,366
2022-08-22,NL,NL,tablet,603,27,402
2022-08-30,NL,NL,tablet,602,21,407
2022-09-09,NL,NL,tablet,601,19,398
2022-09-07,US,NO,desktop,600,12,314
2022-09-11,US,NO,mobile,598,11,237
2022-09-06,NL,NL,tablet,596,26,399
2022-09-01,NL,NL,tablet,593,12,355
2022-09-13,NL,NL,tablet,591,21,373
2022-08-29,NL,NL,tablet,585,24,376
2022-09-18,US,NO,mobile,577,5,243
2022-09-14,NL,NL,tablet,571,16,356
2022-09-04,DE,US,mobile,565,13,336
2022-08-25,NL,NL,tablet,562,23,323
2022-09-16,NL,NL,tablet,562,12,336
2022-09-02,NL,NL,tablet,560,20,344
2022-09-09,US,NO,desktop,557,17,257
2022-09-17,US,NO,mobile,556,2,156
2022-09-25,US,NO,desktop,551,17,253
2022-09-07,US,DE,mobile,547,5,155
2022-09-21,NL,NL,tablet,539,23,336
2022-09-26,NL,NL,tablet,537,16,355
2022-09-26,US,NO,mobile,536,8,180
2022-09-08,US,NO,desktop,535,15,282
2022-09-24,NL,NL,tablet,532,26,359
2022-08-26,NL,NL,tablet,529,15,312
2022-09-23,NL,NL,tablet,526,14,327
2022-09-20,NL,NL,tablet,525,21,323
2022-08-22,DE,US,mobile,523,12,307
2022-08-28,DE,US,mobile,523,9,291
2022-09-03,NL,NL,tablet,518,21,349
2022-09-28,NL,NL,tablet,517,15,356
2022-09-12,US,NO,mobile,510,5,188
2022-09-29,NL,NL,tablet,510,13,326
2022-09-18,US,NO,desktop,506,9,255
2022-09-16,US,NO,mobile,505,1,172
2022-09-08,NL,DE,desktop,503,26,293
2022-08-31,NL,DE,desktop,500,49,286
2022-09-15,NL,NL,tablet,499,16,323
2022-09-20,US,NO,mobile,498,2,181
2022-09-03,DE,US,mobile,492,13,231
2022-09-17,US,IT,mobile,492,6,120
2022-09-11,US,NO,desktop,490,18,257
2022-09-27,NL,NL,tablet,488,22,328
2022-09-13,US,NO,mobile,483,7,190
2022-09-22,US,NO,mobile,483,7,179
2022-09-27,US,IT,desktop,483,12,208
2022-09-22,NL,NL,tablet,482,23,308
2022-09-13,US,IT,desktop,473,19,186
2022-09-15,US,NO,mobile,473,7,165
2022-09-19,NL,NL,tablet,472,13,303
2022-08-23,DE,US,mobile,470,11,254
2022-09-27,US,NO,mobile,469,9,174
2022-09-02,DE,US,mobile,468,9,230
2022-09-05,DE,US,mobile,468,8,238
2022-09-23,US,NO,mobile,467,4,144
2022-08-24,NL,DE,desktop,465,31,242
2022-09-21,US,NO,mobile,463,7,167
2022-08-29,NL,DE,desktop,462,36,269
2022-08-24,DE,US,mobile,461,11,248
2022-09-17,DE,US,mobile,459,8,206
2022-09-06,NL,DE,desktop,456,36,247
2022-09-13,DE,US,mobile,453,13,268
2022-08-30,NL,DE,desktop,451,36,256
2022-09-10,US,NO,mobile,451,3,167
2022-09-18,DE,US,mobile,450,7,248
2022-09-29,US,NO,mobile,449,8,163
2022-09-15,US,IT,desktop,447,16,172
2022-08-30,DE,US,mobile,446,17,238
2022-09-11,DE,US,mobile,446,10,267
2022-09-16,US,IT,desktop,445,12,187
2022-09-17,US,NO,desktop,445,17,189
2022-09-24,US,NO,mobile,445,3,184
2022-08-29,DE,US,mobile,443,3,227
2022-09-06,DE,US,mobile,443,10,234
2022-09-14,US,NO,mobile,443,3,154
2022-08-22,NL,DE,desktop,442,28,261
2022-09-28,US,NO,mobile,442,6,158
2022-09-14,US,IT,desktop,437,21,184
2022-08-23,NL,DE,desktop,436,42,261
2022-08-25,NL,DE,desktop,436,27,257
2022-09-20,US,IT,desktop,435,11,166
2022-08-31,DE,US,mobile,434,12,225
2022-09-28,US,IT,desktop,432,12,184
2022-09-26,US,IT,desktop,431,14,196
2022-09-19,US,IT,desktop,430,6,179
2022-09-01,NL,DE,desktop,429,30,224
2022-09-19,US,NO,mobile,429,5,130
2022-09-12,US,IT,mobile,425,5,140
2022-09-12,US,IT,desktop,424,14,158
2022-09-05,NL,DE,desktop,422,26,248
2022-09-18,US,IT,mobile,419,3,110
2022-09-20,NL,DE,desktop,417,22,232
2022-09-07,DE,US,mobile,416,6,220
2022-09-27,NL,DE,desktop,414,32,239
2022-09-29,US,IT,desktop,413,11,165
2022-09-16,US,IT,mobile,412,4,111
2022-09-14,US,IT,mobile,409,4,124
2022-09-22,US,IT,desktop,408,14,177
2022-09-08,DE,US,mobile,407,9,222
2022-09-07,US,NO,mobile,406,6,163
2022-09-09,US,NO,mobile,403,6,154
2022-09-12,NL,DE,desktop,403,24,248
2022-09-13,NL,DE,desktop,403,26,231
2022-09-14,NL,DE,desktop,401,28,219
2022-09-14,DE,US,mobile,399,15,241
2022-09-29,US,IT,mobile,399,6,131
2022-09-16,DE,US,mobile,397,11,192
2022-09-13,US,IT,mobile,396,0,102
2022-09-25,DE,US,mobile,395,14,220
2022-09-01,DE,US,mobile,394,5,206
2022-09-21,US,IT,desktop,394,5,166
2022-09-16,NL,DE,desktop,393,18,216
2022-09-07,US,IT,desktop,392,13,176
2022-09-15,NL,DE,desktop,392,22,201
2022-09-24,US,IT,mobile,391,2,94
2022-09-12,DE,US,mobile,390,10,206
2022-09-29,NL,DE,desktop,390,25,208
2022-09-26,NL,DE,desktop,389,31,215
2022-09-09,DE,US,mobile,388,8,209
2022-09-20,DE,US,mobile,387,8,204
2022-09-25,US,IT,mobile,387,4,112
2022-09-22,NL,DE,desktop,386,22,204
2022-09-19,DE,US,mobile,385,5,209
2022-09-09,US,IT,desktop,384,4,166
2022-09-28,NL,DE,desktop,384,26,205
2022-09-08,US,IT,desktop,381,8,156
2022-09-10,DE,US,mobile,381,7,213
2022-09-15,US,IT,mobile,381,4,104
2022-09-09,US,IT,mobile,378,1,99
2022-09-02,NL,DE,desktop,374,22,219
2022-09-07,NL,DE,desktop,374,18,212
2022-09-23,US,IT,mobile,372,6,111
2022-09-11,US,IT,mobile,368,1,127
2022-09-23,US,IT,desktop,366,16,157
2022-09-15,DE,US,mobile,364,9,218
2022-09-24,US,NO,desktop,361,9,172
2022-09-21,NL,DE,desktop,360,29,197
2022-09-19,NL,DE,desktop,359,22,188
2022-09-08,US,NO,mobile,354,3,140
2022-09-27,US,IT,mobile,354,2,108
2022-08-29,US,NL,desktop,353,13,83
2022-09-19,US,IT,mobile,352,5,88
2022-09-22,US,IT,mobile,352,4,106
2022-08-26,DE,US,mobile,349,11,179
2022-09-28,US,IT,mobile,349,10,108
2022-09-20,US,IT,mobile,347,3,111
2022-09-08,US,IT,mobile,346,6,104
2022-09-10,US,NO,desktop,345,15,167
2022-08-25,DE,US,mobile,339,4,176
2022-09-10,US,IT,mobile,337,6,105
2022-09-24,DE,US,mobile,335,7,168
2022-08-22,DE,US,desktop,334,23,189
2022-09-06,DE,US,desktop,334,35,214
2022-09-21,US,IT,mobile,334,3,112
2022-09-29,DE,US,mobile,331,8,158
2022-09-28,DE,US,mobile,329,12,177
2022-09-26,US,IT,mobile,324,4,93
2022-08-24,NO,US,mobile,322,9,232
2022-08-22,NO,US,mobile,321,9,218
2022-08-23,DE,US,desktop,321,21,174
2022-09-27,DE,US,mobile,319,9,167
2022-09-19,DE,US,desktop,318,15,195
2022-09-11,DE,US,desktop,316,15,211
2022-09-26,DE,US,mobile,315,6,173
2022-08-27,DE,US,mobile,312,7,160
2022-09-13,DE,US,desktop,312,25,198
2022-09-17,US,IT,desktop,310,8,119
2022-09-23,NL,DE,desktop,306,20,170
2022-08-23,NO,US,mobile,305,2,205
2022-08-24,DE,US,desktop,302,21,177
2022-08-25,US,NL,desktop,302,8,77
2022-08-27,US,NL,desktop,302,16,67
2022-09-02,DE,US,desktop,302,12,174
2022-09-14,DE,US,desktop,302,20,185
2022-09-23,DE,US,mobile,300,9,142
2022-09-22,DE,US,mobile,298,4,143
2022-09-05,DE,US,desktop,295,13,166
2022-08-24,US,NL,desktop,293,20,71
2022-09-04,NO,US,mobile,292,5,213
2022-09-18,NO,US,mobile,290,6,189
2022-09-08,DE,US,desktop,289,17,168
2022-09-12,DE,US,desktop,289,13,171
2022-08-26,US,NL,desktop,287,16,70
2022-09-20,DE,US,desktop,285,18,169
2022-08-26,NL,DE,desktop,283,18,169
2022-08-29,DE,US,desktop,283,12,175
2022-09-01,DE,US,desktop,283,25,188
2022-09-11,US,US,tablet,283,3,144
2022-09-25,US,IT,desktop,283,10,120
2022-09-21,DE,US,mobile,280,7,136
2022-08-30,DE,US,desktop,279,17,173
2022-08-28,US,NL,desktop,278,10,57
2022-08-31,DE,US,desktop,276,15,166
2022-09-15,DE,US,desktop,276,15,147
2022-09-18,DE,US,desktop,276,15,165
2022-09-07,DE,US,desktop,275,15,161
2022-09-18,US,IT,desktop,275,8,108
2022-09-24,US,IT,desktop,274,13,125
2022-09-05,US,NL,desktop,273,14,95
2022-09-09,DE,US,desktop,273,19,184
2022-09-01,NO,US,mobile,271,10,181
2022-08-23,IT,US,mobile,269,6,162
2022-08-28,DE,US,desktop,267,11,165
2022-09-06,NO,US,mobile,267,7,194
2022-09-11,US,IT,desktop,267,14,115
2022-09-04,DE,US,desktop,266,9,169
2022-09-10,US,US,tablet,266,13,125
2022-09-27,DE,US,desktop,264,14,148
2022-09-07,US,IT,mobile,263,3,80
2022-09-05,NO,US,mobile,262,9,166
2022-08-24,IT,US,mobile,261,7,161
2022-09-09,NL,DE,desktop,261,20,156
2022-09-10,US,IT,desktop,260,17,116
2022-09-21,DE,US,desktop,258,19,149
2022-09-05,IT,US,mobile,257,3,185
2022-09-07,US,US,tablet,256,8,123
2022-09-19,NO,US,mobile,256,8,163
2022-08-22,IT,US,mobile,254,5,143
2022-09-02,NO,US,mobile,254,10,155
2022-08-28,NO,US,mobile,253,9,191
2022-09-16,DE,US,desktop,253,20,130
2022-09-16,US,US,tablet,253,6,113
2022-09-03,DE,US,desktop,252,11,151
2022-09-26,DE,US,desktop,252,18,142
2022-09-04,US,NL,mobile,251,5,72
2022-08-25,DE,US,desktop,250,14,151
2022-09-02,US,US,tablet,250,21,136
2022-09-02,IT,US,mobile,249,4,147
2022-09-14,NO,US,mobile,249,5,152
2022-09-14,US,US,tablet,249,5,124
2022-08-28,US,US,tablet,248,8,139
2022-09-12,US,US,tablet,246,10,123
2022-09-13,US,US,tablet,245,6,117
2022-09-18,US,US,tablet,245,6,136
2022-09-08,NL,DE,mobile,243,6,127
2022-09-17,DE,US,desktop,242,16,132
2022-09-23,DE,US,desktop,242,17,140
2022-09-05,US,US,tablet,240,7,142
2022-09-28,US,US,tablet,239,12,107
2022-09-19,US,US,tablet,237,8,102
2022-09-22,DE,US,desktop,237,8,142
2022-09-12,NO,US,mobile,236,11,153
2022-09-24,US,US,tablet,235,9,124
2022-09-03,NO,US,mobile,234,3,156
2022-08-31,NO,US,mobile,232,11,154
2022-09-21,US,US,tablet,231,5,117
2022-09-08,US,US,tablet,230,10,115
2022-09-05,US,NL,mobile,228,2,68
2022-09-17,US,US,tablet,228,11,96
2022-08-30,IT,US,mobile,226,4,138
2022-09-03,US,US,tablet,226,7,120
2022-09-27,US,US,tablet,226,14,98
2022-09-28,DE,US,desktop,226,9,118
2022-08-26,DE,US,desktop,225,7,126
2022-08-26,US,NL,mobile,225,4,65
2022-08-30,NO,US,mobile,225,7,144
2022-09-20,US,US,tablet,225,7,99
2022-09-15,US,US,tablet,224,5,106
2022-09-07,NO,US,mobile,221,5,136
2022-09-17,NO,US,mobile,221,9,143
2022-09-20,NO,US,mobile,221,6,150
2022-08-27,NO,US,mobile,220,4,154
2022-09-15,NO,US,mobile,220,6,127
2022-09-02,US,NL,desktop,219,11,94
2022-08-31,IT,US,mobile,218,3,136
2022-09-26,US,US,tablet,218,14,99
2022-08-27,IT,US,mobile,215,3,130
2022-09-09,US,US,tablet,215,5,96
2022-08-31,US,US,tablet,214,13,102
2022-09-06,US,NL,desktop,214,14,88
2022-09-23,US,US,tablet,214,6,105
2022-08-24,US,US,tablet,213,16,116
2022-09-03,US,NL,mobile,213,5,67
2022-08-28,IT,US,mobile,212,0,140
2022-08-30,US,NL,desktop,212,18,86
2022-09-16,NO,US,mobile,212,3,130
2022-09-01,IT,US,mobile,211,9,145
2022-09-11,DE,DE,tablet,211,8,157
2022-09-29,DE,US,desktop,211,3,129
2022-09-01,US,NL,mobile,210,6,67
2022-09-25,US,US,tablet,210,11,120
2022-09-03,IT,US,mobile,209,4,135
2022-09-04,IT,US,mobile,208,6,144
2022-09-09,NO,US,mobile,208,8,134
2022-09-18,DE,DE,tablet,207,10,150
2022-09-25,DE,US,desktop,207,8,125
2022-08-29,NO,US,mobile,206,7,141
2022-08-29,US,US,tablet,206,10,116
2022-09-04,US,US,tablet,206,7,113
2022-08-22,US,US,tablet,205,8,111
2022-08-28,DE,DE,tablet,205,5,152
2022-09-10,DE,US,desktop,205,15,119
2022-09-22,US,US,tablet,202,9,99
2022-08-25,NO,US,mobile,201,5,119
2022-09-13,NO,US,mobile,201,1,128
2022-08-22,US,NL,desktop,200,20,72
2022-08-27,US,US,tablet,199,5,105
2022-08-29,US,NL,mobile,199,5,71
2022-08-28,US,NL,mobile,198,9,68
2022-08-31,US,NL,mobile,198,9,81
2022-08-23,US,US,tablet,197,9,121
2022-08-30,US,US,tablet,197,12,107
2022-09-14,IT,US,mobile,197,4,124
2022-09-17,US,NL,tablet,197,2,41
2022-09-08,NO,US,mobile,195,5,125
2022-09-18,US,NL,tablet,195,0,69
2022-09-26,NO,US,mobile,195,8,123
2022-09-04,DE,DE,tablet,194,7,138
2022-09-17,IT,US,mobile,194,2,115
2022-09-25,DE,DE,tablet,193,7,141
2022-09-29,US,US,tablet,193,5,86
2022-08-31,US,NL,desktop,192,13,82
2022-08-23,US,NL,desktop,191,16,79
2022-08-27,US,NL,mobile,191,7,65
2022-09-11,IT,US,mobile,191,4,123
2022-09-29,NO,US,mobile,191,5,114
2022-08-26,US,US,tablet,190,7,100
2022-09-02,US,NL,mobile,190,10,62
2022-09-06,IT,US,mobile,190,4,130
2022-09-06,US,NL,mobile,189,2,78
2022-09-07,IT,US,mobile,188,5,123
2022-09-16,IT,US,mobile,187,4,109
2022-09-16,NL,DE,mobile,187,0,86
2022-09-20,IT,US,mobile,187,3,120
2022-09-27,NL,IT,desktop,187,17,99
2022-09-21,NO,US,mobile,186,7,121
2022-08-26,NO,US,mobile,185,8,132
2022-08-25,IT,US,mobile,183,0,114
2022-09-01,US,NL,desktop,181,9,69
2022-09-11,NO,US,mobile,181,0,123
2022-09-12,DE,DE,tablet,181,8,139
2022-09-13,DE,DE,tablet,180,9,130
2022-09-25,NL,DE,desktop,180,14,93
2022-08-25,US,US,tablet,179,4,94
2022-08-29,IT,US,mobile,179,4,101
2022-08-26,IT,US,mobile,178,2,97
2022-09-10,NL,DE,desktop,178,14,93
2022-08-24,NL,DE,mobile,177,1,59
2022-09-18,IT,US,mobile,176,0,118
2022-09-23,NO,US,mobile,176,2,94
2022-08-24,DE,DE,tablet,175,5,117
2022-09-27,NO,US,mobile,175,4,111
2022-08-22,DE,DE,tablet,174,6,101
2022-09-17,DE,DE,tablet,174,4,124
2022-09-19,IT,US,mobile,174,2,121
2022-09-04,US,NL,desktop,172,5,67
2022-09-06,US,US,tablet,172,12,91
2022-09-22,NO,US,mobile,172,5,101
2022-09-25,NO,US,mobile,171,4,109
2022-09-10,IT,US,mobile,170,4,122
2022-09-15,IT,US,mobile,170,5,113
2022-09-03,US,NL,desktop,169,10,68
2022-09-10,NO,US,mobile,169,5,102
2022-09-13,IT,US,mobile,169,4,110
2022-09-27,DE,DE,tablet,169,5,117
2022-08-27,DE,US,desktop,167,11,98
2022-09-07,DE,DE,tablet,167,5,127
2022-09-14,DE,DE,tablet,166,4,113
2022-08-25,US,NL,mobile,165,8,50
2022-08-27,DE,DE,tablet,165,4,113
2022-08-30,US,NL,mobile,165,2,45
2022-09-10,DE,DE,tablet,165,4,114
2022-09-28,NO,US,mobile,165,2,103
2022-09-29,IT,US,mobile,165,1,101
2022-08-23,NL,IT,desktop,164,13,83
2022-08-24,NL,IT,mobile,164,3,58
2022-09-01,US,US,tablet,164,6,84
2022-08-28,NL,DE,desktop,162,14,100
2022-09-03,DE,DE,tablet,161,7,116
2022-09-06,DE,NL,desktop,161,22,102
2022-09-09,IT,US,mobile,161,3,108
2022-09-08,DE,DE,tablet,160,5,113
2022-09-22,US,NL,tablet,160,1,47
2022-09-12,IT,US,mobile,159,1,103
2022-08-31,DE,DE,tablet,158,7,104
2022-09-06,DE,DE,tablet,158,5,107
2022-09-06,NL,IT,desktop,158,24,101
2022-09-11,NL,DE,desktop,157,14,84
2022-09-27,IT,US,mobile,156,6,119
2022-09-08,IT,US,mobile,155,5,106
2022-08-22,US,NL,mobile,154,4,45
2022-08-23,US,NL,mobile,154,5,51
2022-09-05,DE,DE,tablet,154,8,110
2022-09-07,NL,IT,desktop,154,14,79
2022-09-08,US,NL,tablet,153,1,55
2022-09-16,NL,IT,mobile,152,1,50
2022-09-24,NO,US,mobile,152,2,96
2022-09-04,NL,DE,desktop,151,16,98
2022-09-05,DE,NL,desktop,151,18,96
2022-09-17,NL,DE,mobile,151,4,68
2022-09-21,DE,DE,tablet,151,9,102
2022-09-21,IT,US,mobile,151,8,110
2022-09-24,IT,US,mobile,151,0,110
2022-08-30,DE,DE,tablet,150,7,90
2022-09-02,DE,DE,tablet,150,2,107
2022-09-24,DE,DE,tablet,150,9,108
2022-09-24,DE,US,desktop,150,4,81
2022-09-25,US,NL,tablet,150,1,41
2022-08-22,NL,IT,desktop,149,15,87
2022-08-23,DE,DE,tablet,149,3,100
2022-09-18,NL,DE,desktop,149,5,77
2022-09-19,US,NL,tablet,149,4,39
2022-08-22,NO,US,desktop,148,7,88
2022-08-24,US,NL,mobile,148,6,45
2022-09-01,DE,NL,desktop,148,19,86
2022-09-13,US,NL,tablet,147,1,45
2022-09-16,US,NL,tablet,147,4,42
2022-08-28,NO,NO,tablet,146,10,111
2022-09-01,NL,IT,desktop,145,17,86
2022-09-20,DE,DE,tablet,145,6,105
2022-09-28,DE,DE,tablet,145,1,110
2022-09-01,DE,DE,tablet,144,5,88
2022-09-17,NL,IT,mobile,144,0,37
2022-08-29,DE,DE,tablet,143,7,90
2022-09-02,NL,DE,mobile,143,2,68
2022-09-29,DE,DE,tablet,143,3,104
2022-08-24,NO,US,desktop,142,12,88
2022-09-04,NL,IT,mobile,142,2,42
2022-09-13,DE,NL,desktop,142,7,91
2022-08-23,NO,US,desktop,141,16,82
2022-09-29,NL,IT,desktop,141,13,72
2022-08-31,DE,NL,desktop,140,11,80
2022-09-11,US,NL,tablet,140,1,52
2022-09-12,NL,IT,desktop,140,13,63
2022-08-25,DE,DE,tablet,139,4,92
2022-09-25,IT,US,mobile,139,3,94
2022-09-26,DE,DE,tablet,138,4,94
2022-08-26,DE,DE,tablet,137,2,98
2022-09-01,NO,US,desktop,137,19,90
2022-09-14,NL,IT,desktop,137,8,55
2022-09-06,NO,US,desktop,136,8,79
2022-09-12,NL,NO,desktop,136,7,71
2022-09-22,DE,DE,tablet,136,5,95
2022-09-15,US,NL,tablet,135,1,32
2022-09-20,NL,IT,desktop,135,8,64
2022-09-15,NL,IT,desktop,134,14,59
2022-09-20,US,NL,tablet,134,5,37
2022-09-09,DE,DE,tablet,133,5,101
2022-09-21,US,NL,tablet,133,5,37
2022-09-27,DE,NL,desktop,133,14,83
2022-09-28,IT,US,mobile,133,1,82
2022-09-08,NL,IT,desktop,132,9,54
2022-09-13,NL,IT,desktop,132,17,69
2022-09-14,US,NL,tablet,132,0,25
2022-09-17,NL,DE,desktop,132,10,56
2022-08-24,NL,NO,desktop,131,10,64
2022-09-05,NL,IT,desktop,131,21,75
2022-09-09,US,NL,tablet,131,1,37
2022-08-31,NL,IT,desktop,130,11,62
2022-09-21,NL,IT,desktop,130,13,77
2022-09-22,NL,IT,desktop,130,19,55
2022-09-26,US,NL,tablet,130,0,40
2022-09-28,NL,IT,desktop,130,12,62
2022-08-25,NL,IT,desktop,129,10,62
2022-08-25,NL,IT,mobile,129,6,40
2022-08-29,DE,NL,desktop,129,9,77
2022-09-16,DE,DE,tablet,129,5,99
2022-09-28,DE,NL,desktop,129,15,82
2022-08-24,NL,IT,desktop,128,8,60
2022-09-28,US,NL,tablet,128,1,52
2022-09-05,NO,US,desktop,127,12,90
2022-09-14,DE,NL,desktop,127,10,70
2022-09-15,DE,DE,tablet,127,5,91
2022-09-16,NL,IT,desktop,126,11,57
2022-09-26,NL,IT,desktop,126,11,71
2022-09-13,NL,NO,desktop,125,10,69
2022-09-18,NL,DE,mobile,125,3,48
2022-08-30,NL,NO,desktop,124,13,80
2022-09-03,NL,DE,desktop,124,13,73
2022-09-26,IT,US,mobile,124,1,93
2022-08-22,DE,NL,desktop,123,6,75
2022-09-10,US,NL,tablet,123,1,40
2022-09-14,NO,US,desktop,123,10,85
2022-09-18,NL,IT,mobile,123,3,33
2022-09-27,NL,IT,mobile,123,3,58
2022-09-12,US,NL,tablet,122,2,36
2022-09-22,IT,US,mobile,122,4,89
2022-08-23,NL,IT,mobile,121,0,34
2022-09-19,DE,DE,tablet,121,3,76
2022-09-22,DE,NL,desktop,121,9,75
2022-09-24,US,NL,tablet,121,2,39
2022-08-30,DE,NL,desktop,120,17,68
2022-09-19,IT,NL,desktop,120,4,83
2022-09-19,NL,IT,desktop,120,21,65
2022-08-30,NL,IT,desktop,119,17,59
2022-09-09,NL,IT,desktop,119,16,52
2022-09-20,NO,US,desktop,119,9,72
2022-08-24,DE,NL,desktop,118,14,58
2022-09-07,NL,NO,desktop,118,11,63
2022-09-11,NL,DE,mobile,118,2,42
2022-09-14,IT,NL,desktop,118,18,69
2022-09-29,US,NL,tablet,118,0,40
2022-09-11,NL,IT,mobile,117,4,30
2022-09-12,DE,NL,desktop,117,8,77
2022-08-25,NL,DE,mobile,116,1,44
2022-09-23,IT,US,mobile,116,6,78
2022-08-27,NL,DE,desktop,115,14,70
2022-08-29,NL,IT,desktop,115,19,67
2022-08-31,NL,DE,mobile,115,1,34
2022-09-23,NL,IT,desktop,115,12,51
2022-08-26,NL,IT,mobile,114,4,34
2022-09-02,NL,IT,mobile,114,2,30
2022-09-13,NL,IT,mobile,114,0,43
2022-09-21,DE,NL,desktop,114,8,60
2022-09-04,NL,DE,mobile,113,0,52
2022-09-07,DE,NL,desktop,113,9,71
2022-09-03,NL,DE,mobile,112,0,50
2022-09-09,NL,IT,mobile,112,2,33
2022-09-18,NO,US,desktop,112,13,78
2022-08-26,DE,NL,desktop,111,9,78
2022-08-30,NO,US,desktop,111,12,75
2022-09-04,NO,NO,tablet,111,7,89
2022-09-05,IT,US,desktop,111,6,74
2022-09-12,NO,US,desktop,111,6,70
2022-09-20,DE,NL,desktop,111,5,61
2022-09-26,DE,NL,desktop,111,6,58
2022-09-27,US,NL,tablet,111,0,34
2022-08-23,DE,NL,desktop,110,8,68
2022-09-09,NO,US,desktop,110,4,64
2022-09-12,NL,DE,mobile,110,2,48
2022-09-14,IT,US,desktop,110,9,59
2022-09-23,DE,DE,tablet,110,4,79
2022-08-30,NL,DE,mobile,109,3,53
2022-09-07,NO,US,desktop,109,5,75
2022-09-08,DE,NL,desktop,109,9,57
2022-09-22,NO,US,desktop,109,9,60
2022-09-24,NL,DE,desktop,109,5,64
2022-09-04,NO,US,desktop,108,3,75
2022-09-10,NL,IT,mobile,108,4,40
2022-09-14,NL,IT,mobile,108,1,34
2022-09-23,DE,NL,desktop,108,10,48
2022-09-25,NL,DE,mobile,108,0,54
2022-08-22,IT,US,desktop,107,4,55
2022-08-27,NL,DE,mobile,107,1,56
2022-09-11,NO,NO,tablet,107,5,86
2022-09-13,NO,US,desktop,107,11,67
2022-09-15,DE,NL,desktop,107,7,56
2022-09-20,IT,NL,desktop,107,12,67
2022-09-20,NL,NO,desktop,107,13,57
2022-09-25,NO,NO,tablet,107,3,79
2022-09-26,NL,NO,desktop,107,9,65
2022-08-22,NL,IT,mobile,106,1,36
2022-09-08,NO,US,desktop,106,9,71
2022-09-15,NL,NO,desktop,106,10,55
2022-09-01,NL,IT,mobile,105,0,42
2022-09-05,NL,NO,desktop,105,9,62
2022-09-23,NL,NO,desktop,105,12,57
2022-08-27,NL,IT,mobile,104,0,24
2022-09-02,DE,NL,desktop,104,6,56
2022-09-05,NL,DE,mobile,104,3,39
2022-09-19,NL,NO,desktop,104,4,67
2022-09-26,IT,NL,desktop,104,5,72
2022-08-26,NL,IT,desktop,103,12,44
2022-08-28,NL,DE,mobile,103,2,49
2022-08-29,NL,IT,mobile,103,1,42
2022-09-08,NL,NO,desktop,103,9,56
2022-09-28,NL,DE,mobile,103,1,42
2022-08-26,IT,US,desktop,102,3,62
2022-08-28,NL,IT,mobile,102,1,32
2022-08-31,NO,US,desktop,102,15,58
2022-09-01,NL,DE,mobile,102,0,38
2022-09-12,NL,IT,mobile,102,4,35
2022-09-15,IT,US,desktop,102,11,63
2022-09-15,NL,DE,mobile,102,0,30
2022-09-22,NL,NO,desktop,102,9,56
2022-09-29,NL,DE,mobile,102,4,34
2022-09-06,NL,IT,mobile,101,3,44
2022-09-08,NL,IT,mobile,101,2,40
2022-09-27,NO,US,desktop,101,15,58
2022-09-29,DE,NL,desktop,101,6,61
2022-08-23,NL,DE,mobile,100,1,32
2022-09-01,IT,US,desktop,100,7,62
2022-09-07,US,NL,tablet,100,0,28
2022-09-09,NL,DE,mobile,100,1,53
2022-09-15,NL,IT,mobile,100,2,35
2022-08-23,NL,NO,desktop,99,13,57
2022-09-02,NL,IT,desktop,99,9,58
2022-09-13,NO,NO,tablet,99,7,65
2022-09-18,NO,NO,tablet,99,5,73
2022-09-21,NO,US,desktop,99,9,69
2022-09-23,US,NL,tablet,99,2,25
2022-09-26,NL,DE,mobile,99,3,25
2022-09-13,IT,US,desktop,98,2,68
2022-09-19,NO,US,desktop,98,11,54
2022-08-24,NO,NO,tablet,97,7,71
2022-08-25,DE,NL,desktop,97,14,43
2022-09-06,NL,NO,desktop,97,9,57
2022-09-07,IT,US,desktop,97,5,50
2022-09-08,IT,NL,desktop,97,13,67
2022-09-09,DE,NL,desktop,97,6,54
2022-09-13,NL,DE,mobile,97,2,34
2022-09-03,NL,IT,mobile,96,0,28
2022-09-15,IT,NL,desktop,96,8,52
2022-09-17,NO,NO,tablet,96,5,69
2022-09-20,NL,DE,mobile,96,0,34
2022-09-20,NL,IT,mobile,96,2,32
2022-09-26,NO,US,desktop,96,11,65
2022-08-30,IT,NL,desktop,95,12,56
2022-08-31,NL,NO,desktop,95,8,52
2022-09-03,NO,US,desktop,95,8,62
2022-09-05,NL,IT,mobile,95,4,31
2022-09-07,NL,IT,mobile,95,0,25
2022-09-12,NO,NO,tablet,95,4,75
2022-09-16,DE,NL,desktop,95,6,58
2022-09-27,NL,NO,desktop,95,5,57
2022-08-27,NO,NO,tablet,94,3,69
2022-08-29,NO,US,desktop,94,8,66
2022-08-30,IT,US,desktop,94,5,57
2022-08-31,NL,IT,mobile,94,1,34
2022-09-08,NO,NO,tablet,94,2,72
2022-09-29,NL,NO,desktop,94,11,40
2022-08-22,NL,DE,mobile,93,1,41
2022-08-23,IT,US,desktop,93,5,52
2022-09-06,IT,US,desktop,93,3,67
2022-09-15,NO,US,desktop,93,11,54
2022-09-17,NO,US,desktop,93,4,56
2022-09-18,DE,NL,desktop,93,11,66
2022-09-22,NL,IT,mobile,93,2,32
2022-09-26,NO,NO,tablet,93,7,61
2022-08-25,NO,US,desktop,92,6,59
2022-08-26,NL,DE,mobile,92,0,34
2022-08-27,NO,US,desktop,92,11,63
2022-08-29,NL,DE,mobile,92,3,47
2022-09-05,NO,NO,tablet,92,4,66
2022-09-09,IT,NL,desktop,92,9,64
2022-09-13,IT,NL,desktop,92,8,60
2022-09-19,DE,NL,desktop,92,6,53
2022-09-19,NL,IT,mobile,92,1,26
2022-09-23,NO,US,desktop,92,6,60
2022-09-25,NL,IT,mobile,92,0,22
2022-09-12,IT,NL,desktop,91,5,56
2022-09-24,NL,IT,mobile,91,3,20
2022-09-07,NL,DE,mobile,90,0,42
2022-09-10,NL,DE,mobile,90,3,35
2022-09-14,NO,NO,tablet,90,6,68
2022-09-05,DE,NL,mobile,89,1,38
2022-09-06,IT,NL,desktop,89,8,56
2022-09-23,NL,IT,mobile,89,0,21
2022-09-25,NL,IT,desktop,89,5,51
2022-09-21,IT,NL,desktop,88,7,60
2022-09-21,NL,IT,mobile,88,1,30
2022-09-21,NL,NO,desktop,88,6,43
2022-08-31,NO,NO,tablet,87,1,59
2022-09-02,NO,US,desktop,87,3,59
2022-09-04,IT,IT,tablet,87,7,71
2022-09-07,NO,NO,tablet,87,6,52
2022-09-21,IT,US,desktop,87,6,54
2022-09-23,NL,DE,mobile,87,0,32
2022-08-22,NL,NO,desktop,86,10,45
2022-08-25,NL,NO,desktop,86,4,44
2022-08-31,IT,US,desktop,86,3,47
2022-09-14,NL,NO,desktop,86,5,49
2022-09-24,NO,NO,tablet,86,3,66
2022-08-29,IT,NL,desktop,85,2,48
2022-09-01,IT,NL,desktop,85,3,53
2022-09-16,IT,NL,desktop,85,8,53
2022-09-16,NO,US,desktop,85,6,58
2022-09-21,NL,DE,mobile,84,1,27
2022-09-27,IT,NL,desktop,84,12,54
2022-09-29,NO,US,desktop,84,1,56
2022-08-27,IT,US,desktop,83,7,41
2022-08-29,IT,US,desktop,83,4,45
2022-08-29,NL,NO,desktop,83,6,48
2022-09-18,NL,NO,desktop,83,5,42
2022-09-19,NL,DE,mobile,83,0,33
2022-09-28,NO,US,desktop,83,6,49
2022-09-29,NL,IT,mobile,83,0,28
2022-08-28,NO,US,desktop,82,1,58
2022-09-03,DE,NL,mobile,82,0,28
2022-09-06,US,DE,desktop,82,5,31
2022-09-17,NL,IT,desktop,82,6,35
2022-09-15,NO,NO,tablet,81,6,64
2022-09-27,IT,US,desktop,81,5,57
2022-08-24,NL,NO,mobile,80,1,32
2022-08-29,US,DE,desktop,80,2,36
2022-09-02,IT,US,desktop,80,6,54
2022-09-24,NL,DE,mobile,80,0,34
2022-08-25,IT,US,desktop,79,6,51
2022-08-26,NO,NO,tablet,79,5,59
2022-08-31,IT,NL,desktop,79,10,56
2022-09-01,DE,NL,mobile,79,1,36
2022-09-06,NO,NO,tablet,79,4,65
2022-09-10,NO,NO,tablet,79,3,59
2022-09-19,NO,NO,tablet,79,5,53
2022-09-24,NL,IT,desktop,79,16,32
2022-08-26,NO,US,desktop,78,9,55
2022-08-28,NL,NO,desktop,78,7,48
2022-09-01,NL,NO,desktop,78,6,41
2022-09-09,NL,NO,desktop,78,8,42
2022-09-16,NL,NO,desktop,78,6,43
2022-09-18,DE,NL,mobile,78,1,33
2022-09-22,IT,NL,desktop,78,6,44
2022-09-27,NO,NO,tablet,78,2,63
2022-09-28,IT,NL,desktop,78,10,50
2022-08-22,NO,NO,tablet,77,2,61
2022-08-23,IT,IT,tablet,77,4,60
2022-08-23,US,DE,desktop,77,5,33
2022-08-24,IT,US,desktop,77,4,46
2022-08-26,NL,NO,desktop,77,10,43
2022-09-01,NO,NO,tablet,77,4,53
2022-09-06,NL,DE,mobile,77,2,31
2022-09-12,IT,IT,tablet,77,7,61
2022-09-21,NO,NO,tablet,77,3,52
2022-09-23,IT,NL,desktop,77,4,45
2022-09-28,NL,IT,mobile,77,0,22
2022-08-25,US,DE,desktop,76,6,38
2022-09-04,IT,US,desktop,76,8,52
2022-09-05,IT,NL,desktop,76,13,44
2022-09-17,NL,NO,mobile,76,1,21
2022-09-23,IT,US,desktop,76,5,52
2022-08-24,US,DE,desktop,75,4,32
2022-09-05,US,DE,desktop,75,3,28
2022-09-14,NL,DE,mobile,74,0,30
2022-09-22,NO,NO,tablet,74,5,60
2022-09-28,NO,NO,tablet,74,6,49
2022-08-28,DE,NL,desktop,73,5,49
2022-08-30,US,DE,desktop,73,7,31
2022-09-01,US,DE,desktop,73,3,33
2022-09-06,IT,IT,tablet,73,1,53
2022-09-12,IT,US,desktop,73,2,48
2022-09-17,DE,NL,desktop,73,3,34
2022-09-17,NL,NO,desktop,73,7,36
2022-09-22,IT,US,desktop,73,6,44
2022-09-26,IT,US,desktop,73,5,46
2022-09-28,NL,NO,desktop,73,4,45
2022-09-04,DE,NL,desktop,72,8,35
2022-09-20,NO,NO,tablet,72,6,51
2022-09-25,DE,NL,desktop,72,4,45
2022-09-29,IT,NL,desktop,72,6,49
2022-09-29,IT,US,desktop,72,5,55
2022-08-25,NO,NO,tablet,71,5,50
2022-08-28,IT,IT,tablet,71,1,61
2022-08-29,NO,NO,tablet,71,6,48
2022-09-04,NL,IT,desktop,71,7,37
2022-09-16,NO,NO,tablet,71,2,58
2022-09-27,NL,DE,mobile,71,0,27
2022-09-28,IT,US,desktop,71,3,38
2022-09-05,IT,IT,tablet,70,3,53
2022-09-16,IT,US,desktop,70,6,35
2022-09-17,IT,IT,tablet,70,1,51
2022-09-20,IT,US,desktop,70,3,41
2022-08-23,NO,NO,tablet,69,1,49
2022-08-24,IT,NL,desktop,69,9,41
2022-08-26,DE,NL,mobile,69,1,30
2022-09-02,NL,NO,desktop,69,5,40
2022-09-07,IT,NL,desktop,69,10,48
2022-09-08,IT,US,desktop,69,7,41
2022-09-10,NO,US,desktop,69,3,51
2022-09-18,NL,NO,mobile,69,1,13
2022-08-30,NL,IT,mobile,68,0,30
2022-09-02,IT,IT,tablet,68,5,48
2022-09-03,IT,US,desktop,68,4,45
2022-09-09,IT,US,desktop,68,4,38
2022-09-11,NO,US,desktop,68,3,43
2022-09-14,IT,IT,tablet,68,3,49
2022-09-17,IT,NL,desktop,68,5,37
2022-09-29,NO,NO,tablet,68,2,49
2022-08-22,IT,NL,desktop,67,9,34
2022-08-22,US,DE,desktop,67,5,29
2022-08-28,IT,US,desktop,67,2,43
2022-09-03,US,DE,desktop,67,10,39
2022-09-07,IT,IT,tablet,67,5,47
2022-09-10,NL,IT,desktop,67,7,34
2022-09-12,NL,NO,mobile,67,2,21
2022-09-18,NL,IT,desktop,67,7,32
2022-08-27,NL,IT,desktop,66,8,34
2022-09-02,US,DE,desktop,66,5,33
2022-09-02,US,DE,mobile,66,1,18
2022-09-08,IT,IT,tablet,66,4,47
2022-09-11,DE,NL,desktop,66,7,46
2022-09-11,IT,IT,tablet,66,2,54
2022-09-18,IT,IT,tablet,66,0,42
2022-09-23,NO,NO,tablet,66,3,54
2022-08-23,IT,NL,desktop,65,5,35
2022-08-25,IT,NL,desktop,65,7,43
2022-09-03,DE,NL,desktop,65,5,37
2022-09-03,NO,NO,tablet,65,4,52
2022-09-04,DE,NL,mobile,65,1,20
2022-09-16,DE,NL,mobile,65,3,30
2022-09-25,NL,NO,mobile,65,0,24
2022-09-10,DE,NL,desktop,64,4,43
2022-09-11,NL,IT,desktop,64,4,31
2022-09-11,NL,NO,desktop,64,5,42
2022-09-19,IT,US,desktop,64,3,44
2022-09-20,IT,IT,tablet,64,2,48
2022-08-28,NL,IT,desktop,63,7,33
2022-08-29,DE,NL,mobile,63,0,26
2022-09-01,NL,NO,mobile,63,0,17
2022-09-16,NL,NO,mobile,63,1,14
2022-08-30,NO,NO,tablet,62,3,40
2022-08-31,IT,IT,tablet,62,1,45
2022-09-06,DE,NL,mobile,62,1,27
2022-09-08,DE,NL,mobile,62,0,33
2022-09-09,IT,IT,tablet,62,2,46
2022-08-30,DE,NL,mobile,61,1,28
2022-09-08,NL,NO,mobile,61,0,21
2022-09-13,DE,NL,mobile,61,1,26
2022-09-25,NL,NO,desktop,61,6,33
2022-09-15,IT,IT,tablet,60,0,35
2022-09-16,IT,IT,tablet,60,0,43
2022-09-22,NL,DE,mobile,60,1,31
2022-09-24,NO,US,desktop,60,2,37
2022-08-26,NL,NO,mobile,59,1,16
2022-09-02,IT,NL,desktop,59,3,36
2022-09-11,NL,NO,mobile,59,0,23
2022-09-13,IT,IT,tablet,59,4,49
2022-09-25,IT,IT,tablet,59,0,44
2022-08-26,US,DE,desktop,58,6,24
2022-09-03,NL,IT,desktop,58,2,27
2022-09-06,NL,US,tablet,58,4,28
2022-09-09,NL,NO,mobile,58,1,14
2022-09-17,DE,NL,mobile,58,1,18
2022-09-22,NL,NO,mobile,58,0,18
2022-09-24,DE,NL,desktop,58,8,33
2022-08-25,DE,NL,mobile,57,2,27
2022-08-25,IT,IT,tablet,57,1,37
2022-08-27,DE,NL,desktop,57,0,33
2022-08-29,US,DE,mobile,57,0,14
2022-09-01,US,DE,mobile,57,2,16
2022-09-09,NO,NO,tablet,57,3,39
2022-09-10,IT,IT,tablet,57,1,44
2022-09-10,IT,NL,desktop,57,8,32
2022-09-11,DE,NL,mobile,57,2,20
2022-08-22,NL,NO,mobile,56,2,22
2022-08-23,DE,NL,mobile,56,0,22
2022-08-24,DE,NL,mobile,56,3,19
2022-08-26,IT,IT,tablet,56,1,36
2022-08-29,IT,IT,tablet,56,4,42
2022-09-04,NL,NO,desktop,56,8,37
2022-09-10,NL,NO,mobile,56,2,14
2022-09-23,NL,NO,mobile,56,0,20
2022-09-25,NO,US,desktop,56,3,42
2022-09-26,NL,IT,mobile,56,0,14
2022-09-01,IT,IT,tablet,55,1,41
2022-09-02,NO,NO,tablet,55,3,40
2022-09-04,IT,NL,desktop,55,9,30
2022-09-14,NL,NO,mobile,55,1,28
2022-09-24,IT,IT,tablet,55,0,37
2022-08-22,IT,IT,tablet,54,4,38
2022-08-27,US,DE,desktop,54,4,29
2022-09-04,US,DE,mobile,54,1,16
2022-09-06,US,IT,desktop,54,2,19
2022-08-22,DE,NL,mobile,53,2,28
2022-08-23,NL,NO,mobile,53,1,21
2022-08-24,IT,IT,tablet,53,3,41
2022-08-31,US,DE,desktop,53,6,26
2022-09-02,DE,NL,mobile,53,3,24
2022-09-03,IT,NL,desktop,53,8,36
2022-09-21,IT,IT,tablet,53,1,37
2022-09-25,DE,NL,mobile,53,0,22
2022-08-22,US,DE,mobile,52,1,20
2022-08-28,US,DE,desktop,52,1,21
2022-08-31,NL,NO,mobile,52,2,28
2022-09-04,NL,NO,mobile,52,0,24
2022-09-07,NL,NO,mobile,52,1,24
2022-09-17,IT,US,desktop,52,3,29
2022-09-17,NL,US,tablet,52,2,20
2022-08-27,DE,NL,mobile,51,3,24
2022-09-04,US,IT,mobile,51,1,11
2022-09-25,IT,US,desktop,51,3,38
2022-09-26,IT,IT,tablet,51,1,32
2022-09-26,NL,NO,mobile,51,1,21
2022-09-28,IT,IT,tablet,51,3,40
2022-08-26,IT,NL,desktop,50,6,30
2022-09-05,US,IT,mobile,50,5,7
2022-09-19,DE,NL,mobile,50,2,20
2022-09-24,IT,US,desktop,50,2,33
2022-09-27,IT,IT,tablet,50,0,34
2022-08-24,IT,NL,mobile,49,1,18
2022-08-27,NL,NO,mobile,49,0,19
2022-08-31,DE,NL,mobile,49,4,20
2022-09-01,US,IT,desktop,49,2,23
2022-09-02,US,IT,mobile,49,6,12
2022-09-11,IT,US,desktop,49,4,28
2022-09-15,DE,NL,mobile,49,0,22
2022-09-18,IT,NL,desktop,49,5,34
2022-09-18,IT,US,desktop,49,3,29
2022-09-19,NL,NO,mobile,49,0,17
2022-09-20,NL,NO,mobile,49,0,20
2022-08-28,DE,NL,mobile,48,0,18
2022-08-28,NL,NO,mobile,48,0,19
2022-08-30,IT,IT,tablet,48,0,25
2022-09-03,IT,IT,tablet,48,0,38
2022-09-05,NL,NO,mobile,48,2,16
2022-09-05,NL,US,tablet,48,1,28
2022-09-12,DE,NL,mobile,48,0,22
2022-09-15,NL,NO,mobile,48,0,17
2022-09-20,DE,NL,mobile,48,3,14
2022-09-24,IT,NL,desktop,48,7,37
2022-09-27,NL,NO,mobile,48,1,18
2022-09-28,DE,NL,mobile,48,3,28
2022-09-05,US,DE,mobile,47,3,15
2022-09-06,NL,NO,mobile,47,1,16
2022-09-18,US,DE,tablet,47,0,9
2022-09-25,IT,NL,desktop,47,8,33
2022-08-25,US,DE,mobile,46,1,12
2022-09-05,NO,NL,desktop,46,3,21
2022-09-06,US,DE,mobile,46,2,18
2022-09-07,DE,NL,mobile,46,1,21
2022-09-09,DE,NL,mobile,46,0,15
2022-09-10,DE,NL,mobile,46,1,23
2022-09-18,NL,US,tablet,46,1,20
2022-09-24,NL,NO,mobile,46,2,19
2022-08-22,NL,US,tablet,45,2,20
2022-08-23,US,DE,mobile,45,2,17
2022-08-26,US,DE,mobile,45,1,21
2022-09-01,NL,US,tablet,45,3,21
2022-09-06,NO,NL,desktop,45,3,22
2022-09-10,IT,US,desktop,45,2,27
2022-09-11,IT,NL,desktop,45,8,32
2022-09-13,NL,NO,mobile,45,0,16
2022-09-14,DE,NL,mobile,45,1,20
2022-09-24,NL,NO,desktop,45,3,19
2022-08-27,IT,NL,mobile,44,2,17
2022-08-29,US,NO,desktop,44,6,21
2022-08-30,US,IT,desktop,44,9,16
2022-09-02,NL,NO,mobile,44,1,13
2022-09-04,US,DE,desktop,44,2,18
2022-09-10,NL,NO,desktop,44,7,23
2022-09-19,IT,IT,tablet,44,0,36
2022-09-27,DE,NL,mobile,44,2,20
2022-09-29,NL,NO,mobile,44,0,12
2022-08-27,IT,IT,tablet,43,2,35
2022-08-30,NL,NO,mobile,43,0,15
2022-09-04,NL,US,tablet,43,3,23
2022-09-17,NO,NL,mobile,43,0,18
2022-09-20,NO,NL,desktop,43,7,27
2022-09-24,DE,NL,mobile,43,0,21
2022-09-27,NO,NL,desktop,43,6,28
2022-09-29,DE,NL,mobile,43,0,13
2022-09-29,IT,IT,tablet,43,1,32
2022-09-03,NL,NO,desktop,42,8,20
2022-09-03,NL,NO,mobile,42,1,12
2022-09-13,IT,NL,mobile,42,1,13
2022-09-17,US,DE,tablet,42,0,10
2022-09-19,NO,NL,desktop,42,4,22
2022-08-24,NO,NL,desktop,41,5,21
2022-08-28,IT,NL,desktop,41,7,19
2022-08-29,NL,US,tablet,41,0,20
2022-09-06,IT,NL,mobile,41,1,23
2022-09-23,DE,NL,mobile,41,2,16
2022-09-26,DE,NL,mobile,41,0,19
2022-09-28,NL,NO,mobile,41,1,13
2022-08-24,US,DE,mobile,40,2,13
2022-08-27,US,DE,mobile,40,0,8
2022-08-28,NL,US,tablet,40,2,20
2022-08-31,NL,US,tablet,40,0,25
2022-09-08,NO,NL,desktop,40,2,23
2022-09-17,IT,NL,mobile,40,1,12
2022-09-21,DE,NL,mobile,40,1,18
2022-08-23,NL,US,tablet,39,2,20
2022-08-23,US,NO,desktop,39,3,21
2022-08-27,IT,NL,desktop,39,2,25
2022-08-27,NL,US,tablet,39,0,18
2022-09-03,NL,US,tablet,39,0,16
2022-09-16,IT,NL,mobile,39,1,17
2022-08-25,IT,NL,mobile,38,0,14
2022-08-27,NL,NO,desktop,38,4,25
2022-09-05,NO,NL,mobile,38,0,15
2022-09-07,NO,NL,desktop,38,4,23
2022-09-15,NL,US,tablet,38,1,21
2022-09-16,NL,US,tablet,38,2,22
2022-09-17,US,IT,tablet,38,0,13
2022-09-18,NO,NL,mobile,38,1,15
2022-09-22,IT,IT,tablet,38,0,32
2022-09-22,NL,US,tablet,38,3,23
2022-09-26,US,DE,tablet,38,0,20
2022-08-26,US,IT,desktop,37,0,15
2022-08-30,NL,US,tablet,37,1,19
2022-08-30,US,DE,mobile,37,0,14
2022-09-01,NO,NL,desktop,37,3,20
2022-09-08,US,DE,tablet,37,3,13
2022-09-18,IT,NL,mobile,37,1,19
2022-09-26,NL,US,tablet,37,1,15
2022-08-22,IT,NL,mobile,36,3,20
2022-08-26,NO,NL,desktop,36,5,22
2022-08-28,IT,NL,mobile,36,1,13
2022-08-31,US,DE,mobile,36,1,12
2022-09-10,NL,US,tablet,36,0,21
2022-09-12,NO,NL,desktop,36,3,17
2022-09-27,NL,US,tablet,36,0,19
2022-09-27,US,DE,tablet,36,0,7
2022-08-22,US,IT,desktop,35,4,17
2022-09-01,US,NO,desktop,35,3,20
2022-09-02,IT,NL,mobile,35,3,17
2022-09-12,IT,NL,mobile,35,1,11
2022-09-23,IT,IT,tablet,35,2,24
2022-08-25,US,IT,mobile,34,1,8
2022-08-28,US,DE,mobile,34,0,6
2022-08-30,IT,NL,mobile,34,0,13
2022-08-30,NO,NL,desktop,34,4,15
2022-09-02,NO,NL,desktop,34,4,21
2022-09-04,IT,NL,mobile,34,1,17
2022-09-05,US,IT,desktop,34,3,21
2022-09-10,US,DE,tablet,34,1,10
2022-09-13,NO,NL,desktop,34,3,20
2022-09-15,NO,NL,desktop,34,2,22
2022-09-20,IT,NL,mobile,34,1,18
2022-09-26,NO,NL,desktop,34,4,21
2022-08-22,US,NO,desktop,33,4,20
2022-08-24,NL,US,tablet,33,0,13
2022-08-24,US,IT,mobile,33,1,8
2022-08-25,NL,NO,mobile,33,1,13
2022-08-29,NL,NO,mobile,33,0,15
2022-08-29,US,IT,desktop,33,0,17
2022-09-01,IT,DE,desktop,33,2,20
2022-09-02,US,IT,desktop,33,2,12
2022-09-04,NO,NL,mobile,33,0,12
2022-09-05,US,NO,desktop,33,7,15
2022-09-08,IT,NL,mobile,33,0,14
2022-09-20,NL,US,tablet,33,4,15
2022-09-21,NL,NO,mobile,33,1,13
2022-08-23,US,IT,mobile,32,1,8
2022-08-25,US,NO,desktop,32,3,18
2022-08-26,IT,NL,mobile,32,1,12
2022-08-29,US,IT,mobile,32,2,7
2022-09-03,US,IT,mobile,32,1,5
2022-09-06,IT,DE,desktop,32,1,25
2022-09-07,NL,US,tablet,32,0,14
2022-09-09,NL,US,tablet,32,3,14
2022-09-13,NL,US,tablet,32,1,16
2022-09-21,US,DE,tablet,32,1,4
2022-09-25,NL,US,tablet,32,0,18
2022-09-25,NO,NL,mobile,32,0,15
2022-09-29,IT,DE,desktop,32,3,17
2022-08-24,DE,NO,desktop,31,3,23
2022-08-26,US,IT,mobile,31,0,9
2022-08-30,DE,NO,desktop,31,2,19
2022-08-30,US,NO,desktop,31,2,12
2022-08-31,IT,DE,desktop,31,4,23
2022-08-31,US,IT,desktop,31,3,14
2022-09-05,IT,NL,mobile,31,3,14
2022-09-08,NL,US,tablet,31,1,20
2022-09-09,IT,NL,mobile,31,2,16
2022-09-12,US,NO,tablet,31,0,7
2022-09-14,NO,NL,desktop,31,3,24
2022-09-14,US,DE,tablet,31,0,8
2022-09-16,NO,NL,desktop,31,2,20
2022-09-19,US,DE,tablet,31,0,10
2022-09-20,DE,IT,desktop,31,4,18
2022-09-23,NL,US,tablet,31,5,15
2022-09-25,IT,NL,mobile,31,2,11
2022-09-25,US,DE,tablet,31,0,10
2022-09-29,NL,US,tablet,31,0,16
2022-09-29,NO,NL,desktop,31,2,15
2022-08-31,DE,NO,desktop,30,2,16
2022-08-31,NO,NL,desktop,30,2,12
2022-09-01,US,IT,mobile,30,1,12
2022-09-03,US,DE,mobile,30,5,10
2022-09-06,DE,NO,desktop,30,4,15
2022-09-06,US,NO,desktop,30,6,13
2022-09-07,US,DE,tablet,30,0,11
2022-09-08,IT,DE,desktop,30,1,19
2022-09-11,US,DE,tablet,30,1,10
2022-09-12,US,DE,tablet,30,0,10
2022-09-13,US,DE,tablet,30,1,7
2022-09-14,DE,NO,desktop,30,2,18
2022-09-14,NL,US,tablet,30,0,13
2022-09-15,US,DE,tablet,30,0,9
2022-09-22,DE,NL,mobile,30,1,13
2022-09-24,IT,NL,mobile,30,1,10
2022-09-28,IT,DE,desktop,30,2,22
2022-08-23,NO,NL,desktop,29,2,14
2022-08-25,DE,NO,desktop,29,2,24
2022-08-29,NO,NL,desktop,29,5,13
2022-09-01,DE,NO,desktop,29,1,14
2022-09-02,US,NO,mobile,29,1,4
2022-09-15,IT,NL,mobile,29,0,15
2022-09-19,DE,IT,desktop,29,1,21
2022-09-20,US,DE,tablet,29,0,9
2022-09-21,NO,NL,desktop,29,2,12
2022-08-22,DE,NO,desktop,28,6,19
2022-08-28,NO,NL,mobile,28,0,9
2022-08-31,US,NO,desktop,28,1,11
2022-09-02,US,NO,desktop,28,5,13
2022-09-09,NO,NL,desktop,28,3,14
2022-09-12,NL,US,tablet,28,2,13
2022-09-13,DE,NO,desktop,28,1,17
2022-09-19,IT,DE,desktop,28,1,12
2022-09-22,DE,NO,desktop,28,3,19
2022-09-25,US,NO,tablet,28,1,12
2022-09-26,IT,DE,desktop,28,3,19
2022-09-28,NO,NL,desktop,28,1,18
2022-08-22,NO,NL,desktop,27,1,14
2022-08-24,US,IT,desktop,27,3,15
2022-08-24,US,NO,desktop,27,0,17
2022-08-25,NL,US,tablet,27,0,10
2022-08-25,NO,NL,mobile,27,0,9
2022-08-26,DE,NO,desktop,27,5,18
2022-08-26,NL,US,tablet,27,0,9
2022-08-27,US,IT,mobile,27,0,6
2022-08-28,US,IT,mobile,27,2,7
2022-08-31,NO,NL,mobile,27,1,6
2022-08-31,US,IT,mobile,27,0,3
2022-09-02,NL,US,tablet,27,2,13
2022-09-04,US,NO,mobile,27,0,4
2022-09-05,IT,DE,desktop,27,3,20
2022-09-07,IT,NL,mobile,27,1,10
2022-09-11,NL,US,tablet,27,0,14
2022-09-19,NL,US,tablet,27,0,12
2022-09-21,IT,NL,mobile,27,0,9
2022-09-23,NO,NL,desktop,27,3,14
2022-09-28,NL,US,tablet,27,1,17
2022-08-22,DE,IT,desktop,26,1,16
2022-08-24,NO,NL,mobile,26,0,7
2022-08-28,US,IT,desktop,26,0,9
2022-08-30,NO,NL,mobile,26,0,8
2022-09-03,IT,NL,mobile,26,1,13
2022-09-03,US,NO,mobile,26,1,9
2022-09-05,DE,IT,desktop,26,3,17
2022-09-10,IT,NL,mobile,26,1,12
2022-09-11,IT,NL,mobile,26,1,13
2022-09-12,IT,DE,desktop,26,1,16
2022-09-16,US,DE,tablet,26,0,7
2022-09-17,NO,NL,desktop,26,3,14
2022-09-21,NL,US,tablet,26,0,13
2022-09-22,IT,DE,desktop,26,0,12
2022-09-22,IT,NL,mobile,26,1,17
2022-09-23,US,DE,tablet,26,0,8
2022-09-25,NO,NL,desktop,26,2,14
2022-08-23,US,IT,desktop,25,1,7
2022-08-30,IT,DE,desktop,25,0,15
2022-08-30,US,IT,mobile,25,0,6
2022-09-04,US,IT,desktop,25,1,15
2022-09-05,DE,NO,mobile,25,1,10
2022-09-15,US,NO,tablet,25,0,10
2022-09-16,DE,NO,desktop,25,5,14
2022-09-17,US,NO,tablet,25,0,6
2022-09-20,IT,DE,desktop,25,1,15
2022-09-24,US,DE,tablet,25,0,8
2022-08-22,US,IT,mobile,24,1,6
2022-08-23,IT,DE,desktop,24,2,19
2022-08-24,US,NO,mobile,24,3,11
2022-08-25,NO,NL,desktop,24,1,17
2022-08-26,US,NO,desktop,24,5,14
2022-09-01,DE,IT,desktop,24,7,16
2022-09-02,IT,DE,desktop,24,1,17
2022-09-06,US,IT,mobile,24,0,8
2022-09-13,IT,DE,desktop,24,1,10
2022-09-23,IT,DE,desktop,24,3,16
2022-09-26,NO,DE,desktop,24,0,16
2022-08-22,DE,IT,mobile,23,0,10
2022-08-23,IT,NL,mobile,23,0,15
2022-08-23,US,NO,mobile,23,5,8
2022-08-25,US,NO,mobile,23,0,3
2022-08-27,DE,NO,desktop,23,2,17
2022-08-31,IT,NL,mobile,23,4,10
2022-09-01,NO,DE,desktop,23,3,16
2022-09-03,NO,NL,mobile,23,0,8
2022-09-04,NO,NL,desktop,23,3,16
2022-09-05,DE,NO,desktop,23,3,17
2022-09-11,US,NO,tablet,23,1,11
2022-09-12,NO,NL,mobile,23,0,10
2022-09-18,NO,NL,desktop,23,2,18
2022-09-22,NO,NL,desktop,23,1,15
2022-09-28,US,DE,tablet,23,1,10
2022-09-29,US,DE,tablet,23,0,9
2022-08-27,US,IT,desktop,22,2,8
2022-08-28,US,NO,desktop,22,7,12
2022-08-29,IT,NL,mobile,22,0,10
2022-09-02,DE,IT,desktop,22,3,16
2022-09-03,NO,NL,desktop,22,3,15
2022-09-06,NO,DE,desktop,22,1,18
2022-09-08,US,NO,tablet,22,0,7
2022-09-11,NO,NL,mobile,22,0,6
2022-09-13,US,NO,tablet,22,0,12
2022-09-16,NO,NL,mobile,22,0,4
2022-09-18,DE,NO,desktop,22,2,12
2022-09-18,US,IT,tablet,22,2,8
2022-09-19,IT,NL,mobile,22,1,11
2022-09-23,IT,NL,mobile,22,0,9
2022-09-24,NO,NL,mobile,22,0,6
2022-09-27,IT,DE,desktop,22,6,17
2022-08-23,DE,IT,desktop,21,3,11
2022-08-23,NO,NL,mobile,21,1,11
2022-08-27,US,NO,desktop,21,0,7
2022-08-31,US,NO,mobile,21,1,10
2022-09-01,IT,NL,mobile,21,0,8
2022-09-01,US,NO,mobile,21,4,4
2022-09-03,US,IT,desktop,21,2,10
2022-09-04,US,NO,desktop,21,1,11
2022-09-06,US,NO,mobile,21,0,9
2022-09-12,NO,DE,desktop,21,4,16
2022-09-16,US,NO,tablet,21,0,7
2022-09-19,DE,NO,desktop,21,3,17
2022-09-21,DE,NO,desktop,21,1,15
2022-09-22,US,DE,tablet,21,0,3
2022-09-25,US,IT,tablet,21,0,6
2022-09-27,DE,NO,desktop,21,2,14
2022-09-27,IT,NL,mobile,21,1,11
2022-09-28,DE,NO,desktop,21,3,16
2022-09-29,IT,NL,mobile,21,2,10
2022-08-22,NO,NL,mobile,20,1,7
2022-08-27,US,NO,mobile,20,1,5
2022-08-29,US,NO,mobile,20,1,8
2022-08-31,DE,NO,mobile,20,0,8
2022-09-01,DE,IT,mobile,20,1,11
2022-09-06,NO,NL,mobile,20,0,7
2022-09-14,IT,DE,desktop,20,1,14
2022-09-19,NO,NL,mobile,20,2,7
2022-09-23,DE,NO,desktop,20,3,12
2022-09-24,NO,NL,desktop,20,2,11
2022-09-28,IT,NL,mobile,20,0,9
2022-09-28,IT,NO,desktop,20,2,12
2022-09-29,NO,NL,mobile,20,0,4
2022-08-22,IT,DE,desktop,19,1,14
2022-08-22,NO,DE,desktop,19,4,13
2022-08-24,IT,DE,desktop,19,0,12
2022-08-26,DE,IT,desktop,19,1,12
2022-08-29,DE,IT,desktop,19,0,13
2022-08-29,DE,NO,desktop,19,0,11
2022-09-02,IT,NO,desktop,19,1,10
2022-09-04,DE,NO,desktop,19,3,8
2022-09-05,NO,DE,desktop,19,3,15
2022-09-06,DE,IT,desktop,19,1,10
2022-09-09,IT,DE,desktop,19,1,13
2022-09-09,NO,NL,mobile,19,1,8
2022-09-11,NO,NL,desktop,19,0,12
2022-09-15,US,IT,tablet,19,0,5
2022-09-22,IT,NO,desktop,19,1,12
2022-09-22,US,NO,tablet,19,0,9
2022-09-24,NL,US,tablet,19,1,7
2022-09-26,NO,NL,mobile,19,1,8
2022-09-27,IT,NO,desktop,19,0,13
2022-09-29,IT,NO,desktop,19,2,14
2022-08-22,US,NO,mobile,18,0,4
2022-08-23,DE,NO,desktop,18,2,9
2022-08-25,US,IT,desktop,18,1,10
2022-09-03,US,NO,desktop,18,4,10
2022-09-06,IT,NO,desktop,18,2,12
2022-09-07,IT,DE,desktop,18,0,15
2022-09-07,NO,DE,desktop,18,2,14
2022-09-07,NO,NL,mobile,18,1,9
2022-09-08,DE,IT,desktop,18,1,9
2022-09-09,DE,NO,desktop,18,1,10
2022-09-09,NO,DE,desktop,18,7,12
2022-09-11,US,IT,tablet,18,0,10
2022-09-13,DE,IT,desktop,18,3,12
2022-09-13,NO,NL,mobile,18,0,10
2022-09-14,DE,IT,desktop,18,2,10
2022-09-14,IT,NL,mobile,18,0,8
2022-09-15,IT,DE,desktop,18,2,10
2022-09-16,DE,IT,mobile,18,0,11
2022-09-16,IT,DE,desktop,18,1,8
2022-09-17,NL,DE,tablet,18,0,14
2022-09-21,NO,DE,desktop,18,1,14
2022-09-21,US,NO,tablet,18,0,6
2022-09-22,NO,NL,mobile,18,2,8
2022-09-22,US,IT,tablet,18,0,9
2022-09-26,IT,NL,mobile,18,1,9
2022-09-26,US,NO,tablet,18,0,10
2022-09-28,US,IT,tablet,18,0,6
2022-09-29,DE,NO,desktop,18,1,10
2022-08-22,DE,NO,mobile,17,0,11
2022-08-24,NO,DE,desktop,17,0,12
2022-08-25,DE,IT,desktop,17,2,12
2022-08-26,NO,NL,mobile,17,0,6
2022-08-28,DE,NO,desktop,17,5,9
2022-08-29,NO,NL,mobile,17,0,9
2022-09-01,DE,NO,mobile,17,0,9
2022-09-01,NO,NL,mobile,17,0,7
2022-09-02,NO,NL,mobile,17,1,5
2022-09-03,DE,IT,desktop,17,2,9
2022-09-03,DE,NO,desktop,17,0,10
2022-09-05,IT,NO,desktop,17,0,13
2022-09-08,DE,NO,desktop,17,2,8
2022-09-11,DE,NO,desktop,17,3,10
2022-09-12,DE,NO,desktop,17,3,8
2022-09-13,US,IT,tablet,17,0,5
2022-09-14,NO,DE,desktop,17,2,10
2022-09-14,US,NO,tablet,17,0,8
2022-09-15,NO,NL,mobile,17,1,6
2022-09-20,NO,NL,mobile,17,1,7
2022-09-23,DE,IT,desktop,17,1,10
2022-09-24,DE,NO,desktop,17,2,8
2022-09-26,US,IT,tablet,17,1,6
2022-09-27,US,IT,tablet,17,0,11
2022-08-23,DE,NO,mobile,16,0,12
2022-08-24,DE,IT,desktop,16,2,13
2022-08-25,IT,DE,desktop,16,3,13
2022-08-26,IT,DE,desktop,16,0,12
2022-08-28,DE,NO,mobile,16,0,8
2022-08-28,US,NO,mobile,16,0,6
2022-08-29,IT,DE,desktop,16,1,14
2022-08-30,NO,DE,desktop,16,1,9
2022-09-01,IT,NO,desktop,16,3,13
2022-09-03,DE,NO,mobile,16,0,7
2022-09-04,DE,IT,mobile,16,0,8
2022-09-12,DE,IT,mobile,16,0,10
2022-09-15,DE,IT,desktop,16,0,9
2022-09-16,US,IT,tablet,16,0,6
2022-09-18,US,NO,tablet,16,1,7
2022-09-20,US,IT,tablet,16,0,4
2022-09-21,DE,IT,desktop,16,1,8
2022-09-23,IT,NO,desktop,16,2,12
2022-09-26,DE,IT,desktop,16,2,9
2022-09-28,NO,DE,desktop,16,3,11
2022-08-22,IT,NO,desktop,15,0,11
2022-08-24,IT,NO,desktop,15,2,14
2022-08-25,IT,NO,desktop,15,0,7
2022-08-26,DE,NO,mobile,15,2,9
2022-08-29,DE,NO,mobile,15,1,6
2022-08-29,IT,NO,desktop,15,2,9
2022-08-31,DE,IT,desktop,15,2,7
2022-09-03,DE,IT,mobile,15,0,4
2022-09-04,DE,NO,mobile,15,0,6
2022-09-06,NO,IT,desktop,15,2,4
2022-09-09,IT,NO,desktop,15,0,10
2022-09-09,US,DE,tablet,15,2,6
2022-09-10,DE,IT,desktop,15,3,11
2022-09-10,NO,NL,desktop,15,0,10
2022-09-10,NO,NL,mobile,15,1,7
2022-09-11,IT,DE,desktop,15,4,10
2022-09-12,IT,NO,desktop,15,3,10
2022-09-12,NO,IT,mobile,15,0,2
2022-09-13,IT,NO,desktop,15,3,11
2022-09-15,IT,NO,desktop,15,2,12
2022-09-16,DE,NO,mobile,15,0,5
2022-09-18,DE,US,tablet,15,0,7
2022-09-19,US,NO,tablet,15,0,3
2022-09-20,US,NO,tablet,15,2,6
2022-09-21,IT,NO,desktop,15,1,11
2022-09-23,US,NO,tablet,15,0,8
2022-09-26,IT,NO,desktop,15,2,10
2022-09-27,DE,IT,desktop,15,2,10
2022-09-27,DE,IT,mobile,15,0,10
2022-09-27,NO,DE,desktop,15,1,9
2022-09-28,US,NO,tablet,15,1,6
2022-08-26,US,NO,mobile,14,0,3
2022-08-28,DE,IT,mobile,14,0,6
2022-08-29,IT,DE,mobile,14,0,8
2022-08-30,IT,NO,desktop,14,2,8
2022-09-04,DE,IT,desktop,14,1,9
2022-09-06,DE,IT,mobile,14,0,10
2022-09-08,NL,DE,tablet,14,0,8
2022-09-08,NO,NL,mobile,14,0,4
2022-09-10,US,NO,tablet,14,0,4
2022-09-11,DE,NO,mobile,14,0,6
2022-09-14,DE,IT,mobile,14,1,9
2022-09-15,NO,DE,desktop,14,1,8
2022-09-16,DE,IT,desktop,14,0,7
2022-09-17,DE,IT,desktop,14,4,8
2022-09-19,US,IT,tablet,14,1,8
2022-09-20,DE,IT,mobile,14,0,11
2022-09-20,NO,DE,desktop,14,1,11
2022-09-21,IT,DE,desktop,14,1,11
2022-09-21,NO,NL,mobile,14,1,4
2022-09-22,NO,DE,desktop,14,1,8
2022-09-23,US,IT,tablet,14,0,2
2022-09-25,DE,NO,desktop,14,2,11
2022-09-25,DE,NO,mobile,14,0,3
2022-08-25,DE,IT,mobile,13,0,6
2022-08-27,NO,NL,mobile,13,0,4
2022-08-28,DE,US,tablet,13,0,8
2022-08-28,IT,NO,desktop,13,0,11
2022-08-30,DE,IT,mobile,13,1,7
2022-08-30,DE,NO,mobile,13,0,6
2022-09-02,DE,NO,desktop,13,1,9
2022-09-02,NO,IT,desktop,13,3,6
2022-09-05,US,NO,mobile,13,0,3
2022-09-07,DE,IT,desktop,13,2,7
2022-09-08,DE,NO,mobile,13,1,6
2022-09-09,DE,NO,mobile,13,0,5
2022-09-09,US,NO,tablet,13,0,6
2022-09-11,DE,IT,mobile,13,0,3
2022-09-13,NO,DE,desktop,13,1,7
2022-09-14,IT,NO,desktop,13,2,9
2022-09-14,NO,NL,mobile,13,1,7
2022-09-14,US,IT,tablet,13,0,3
2022-09-20,DE,NO,desktop,13,2,10
2022-09-22,DE,IT,desktop,13,1,5
2022-09-24,US,IT,tablet,13,0,5
2022-09-26,DE,NO,desktop,13,2,10
2022-09-27,NO,IT,desktop,13,5,9
2022-09-29,DE,IT,desktop,13,0,8
2022-09-29,NO,DE,desktop,13,2,8
2022-09-29,US,IT,tablet,13,2,4
2022-08-24,DE,IT,mobile,12,0,7
2022-08-24,DE,NO,mobile,12,1,4
2022-08-26,DE,IT,mobile,12,0,7
2022-08-26,NO,DE,desktop,12,0,9
2022-08-27,DE,IT,desktop,12,0,12
2022-08-27,DE,NO,mobile,12,0,7
2022-08-27,NO,NL,desktop,12,0,5
2022-08-28,DE,IT,desktop,12,2,12
2022-08-28,NO,NL,desktop,12,0,7
2022-08-29,DE,IT,mobile,12,0,8
2022-08-29,DE,US,tablet,12,2,7
2022-08-30,DE,IT,desktop,12,0,6
2022-09-02,DE,IT,mobile,12,0,4
2022-09-02,DE,NO,mobile,12,0,5
2022-09-05,DE,IT,mobile,12,0,6
2022-09-07,DE,IT,mobile,12,0,8
2022-09-07,US,NO,tablet,12,1,6
2022-09-08,NO,DE,desktop,12,0,7
2022-09-09,DE,IT,mobile,12,1,10
2022-09-10,DE,IT,mobile,12,0,6
2022-09-12,US,IT,tablet,12,0,0
2022-09-17,DE,IT,mobile,12,1,6
2022-09-18,DE,IT,desktop,12,2,5
2022-09-21,NO,IT,mobile,12,0,5
2022-09-25,DE,US,tablet,12,0,10
2022-08-23,DE,IT,mobile,11,0,8
2022-08-23,NO,DE,desktop,11,1,7
2022-08-27,DE,IT,mobile,11,0,6
2022-08-27,IT,DE,mobile,11,1,5
2022-09-02,NL,DE,tablet,11,0,3
2022-09-04,IT,DE,desktop,11,0,9
2022-09-05,DE,US,tablet,11,2,6
2022-09-06,DE,NO,mobile,11,1,4
2022-09-07,DE,NO,desktop,11,1,5
2022-09-08,IT,NO,mobile,11,1,10
2022-09-10,US,IT,tablet,11,0,3
2022-09-12,DE,IT,desktop,11,0,8
2022-09-13,DE,IT,mobile,11,0,7
2022-09-17,DE,NO,desktop,11,1,5
2022-09-18,NO,IT,mobile,11,0,5
2022-09-20,NO,IT,mobile,11,0,7
2022-09-21,DE,IT,mobile,11,0,8
2022-09-21,US,IT,tablet,11,2,4
2022-09-23,NO,DE,desktop,11,1,8
2022-09-23,NO,NL,mobile,11,0,3
2022-09-24,NO,IT,mobile,11,0,1
2022-09-25,IT,DE,desktop,11,0,8
2022-09-25,IT,NO,desktop,11,0,5
2022-09-27,NO,NL,mobile,11,0,4
2022-09-27,US,NO,tablet,11,0,4
2022-09-28,NO,DE,mobile,11,0,3
2022-09-29,US,NO,tablet,11,0,3
2022-08-26,US,NL,tablet,10,1,2
2022-08-28,NO,DE,desktop,10,1,5
2022-08-30,US,NO,mobile,10,0,3
2022-08-31,DE,IT,mobile,10,0,3
2022-09-01,NL,DE,tablet,10,0,3
2022-09-01,NO,IT,desktop,10,2,6
2022-09-01,US,NL,tablet,10,1,3
2022-09-02,DE,US,tablet,10,2,5
2022-09-03,IT,NO,desktop,10,0,7
2022-09-04,NO,DE,mobile,10,0,3
2022-09-05,NO,IT,mobile,10,0,5
2022-09-08,DE,IT,mobile,10,1,7
2022-09-08,IT,NO,desktop,10,0,6
2022-09-09,DE,IT,desktop,10,2,5
2022-09-09,NO,IT,mobile,10,1,7
2022-09-10,DE,NO,desktop,10,3,4
2022-09-12,DE,NO,mobile,10,0,4
2022-09-16,DE,US,tablet,10,0,6
2022-09-17,DE,NO,mobile,10,0,4
2022-09-19,DE,IT,mobile,10,0,7
2022-09-19,NO,IT,mobile,10,1,8
2022-09-23,DE,NO,mobile,10,0,4
2022-09-23,DE,US,tablet,10,1,5
2022-09-23,IT,DE,mobile,10,0,8
2022-09-24,US,NO,tablet,10,0,6
2022-09-25,DE,IT,desktop,10,1,8
2022-09-25,IT,DE,mobile,10,1,6
2022-09-25,NO,DE,mobile,10,1,4
2022-09-28,DE,IT,desktop,10,1,8
2022-09-28,DE,IT,mobile,10,0,7
2022-08-23,IT,NO,desktop,9,1,6
2022-08-23,NO,IT,desktop,9,1,7
2022-08-25,DE,NO,mobile,9,0,4
2022-08-26,IT,DE,mobile,9,2,5
2022-08-27,IT,DE,desktop,9,2,8
2022-08-27,NO,DE,mobile,9,0,5
2022-08-27,US,NL,tablet,9,0,2
2022-08-28,DE,NL,tablet,9,0,6
2022-08-29,NL,DE,tablet,9,0,3
2022-08-30,IT,NO,mobile,9,0,4
2022-08-31,IT,NO,desktop,9,0,5
2022-08-31,NO,DE,desktop,9,0,6
2022-09-04,IT,NO,desktop,9,2,7
2022-09-04,NO,DE,desktop,9,3,3
2022-09-07,DE,NO,mobile,9,0,1
2022-09-08,DE,US,tablet,9,1,6
2022-09-08,US,IT,tablet,9,1,4
2022-09-11,IT,NO,desktop,9,0,8
2022-09-13,NL,IT,tablet,9,0,5
2022-09-14,NL,DE,tablet,9,0,5
2022-09-15,NL,IT,tablet,9,0,5
2022-09-18,DE,NO,mobile,9,0,4
2022-09-18,IT,DE,desktop,9,0,5
2022-09-19,IT,NO,desktop,9,1,8
2022-09-19,NO,IT,desktop,9,0,7
2022-09-22,DE,US,tablet,9,0,2
2022-09-23,NO,IT,desktop,9,1,5
2022-09-24,DE,US,tablet,9,1,5
2022-09-24,IT,NO,desktop,9,0,6
2022-09-27,DE,US,tablet,9,1,7
2022-09-27,NL,DE,tablet,9,0,6
2022-09-28,NL,IT,tablet,9,0,5
2022-09-28,NO,NL,mobile,9,1,5
2022-09-29,NO,IT,mobile,9,0,2
2022-08-22,DE,US,tablet,8,0,4
2022-08-22,NO,DE,mobile,8,1,4
2022-08-24,US,NL,tablet,8,0,4
2022-08-25,IT,DE,mobile,8,0,2
2022-08-25,NO,DE,desktop,8,1,4
2022-08-25,US,NL,tablet,8,0,2
2022-08-27,DE,US,tablet,8,1,4
2022-08-27,IT,NO,desktop,8,0,5
2022-08-28,NL,DE,tablet,8,1,4
2022-09-01,DE,US,tablet,8,0,5
2022-09-04,NL,DE,tablet,8,0,6
2022-09-04,NO,IT,desktop,8,0,6
2022-09-07,IT,DE,mobile,8,1,3
2022-09-07,NO,IT,desktop,8,0,2
2022-09-08,NL,IT,tablet,8,0,3
2022-09-08,NO,DE,mobile,8,0,2
2022-09-08,NO,IT,desktop,8,1,5
2022-09-09,NL,DE,tablet,8,0,5
2022-09-10,NL,DE,tablet,8,0,5
2022-09-11,NO,IT,desktop,8,0,3
2022-09-12,NL,DE,tablet,8,0,5
2022-09-12,NO,IT,desktop,8,0,6
2022-09-13,DE,NO,mobile,8,0,4
2022-09-13,DE,US,tablet,8,0,2
2022-09-15,DE,NO,desktop,8,2,3
2022-09-15,NO,IT,mobile,8,0,4
2022-09-17,IT,DE,mobile,8,0,2
2022-09-17,IT,NO,mobile,8,0,4
2022-09-18,NL,DE,tablet,8,0,2
2022-09-19,DE,NO,mobile,8,0,4
2022-09-19,IT,DE,mobile,8,0,5
2022-09-20,IT,NO,desktop,8,1,6
2022-09-21,NL,IT,tablet,8,0,5
2022-09-21,NO,IT,desktop,8,0,6
2022-09-23,NL,IT,tablet,8,0,1
2022-09-24,DE,NO,mobile,8,0,4
2022-09-24,IT,NO,mobile,8,0,4
2022-09-24,NO,DE,desktop,8,0,4
2022-09-24,NO,IT,desktop,8,1,2
2022-09-26,DE,IT,mobile,8,1,4
2022-09-28,NL,DE,tablet,8,0,2
2022-09-28,NO,IT,mobile,8,0,2
2022-09-29,DE,NO,mobile,8,2,1
2022-08-23,NL,DE,tablet,7,1,3
2022-08-24,DE,US,tablet,7,1,2
2022-08-24,NO,DE,mobile,7,1,4
2022-08-25,NO,DE,mobile,7,0,5
2022-08-28,IT,DE,mobile,7,0,5
2022-08-28,NO,IT,desktop,7,0,5
2022-08-29,NO,DE,desktop,7,1,4
2022-08-29,NO,IT,desktop,7,2,2
2022-08-31,DE,US,tablet,7,0,2
2022-08-31,NL,DE,tablet,7,0,5
2022-08-31,US,NL,tablet,7,0,5
2022-09-01,NL,IT,tablet,7,1,4
2022-09-02,IT,DE,mobile,7,0,5
2022-09-02,NO,DE,desktop,7,1,6
2022-09-03,US,NL,tablet,7,0,3
2022-09-04,DE,US,tablet,7,0,5
2022-09-05,NO,DE,mobile,7,0,3
2022-09-06,DE,US,tablet,7,0,4
2022-09-06,NL,DE,tablet,7,0,2
2022-09-06,NL,IT,tablet,7,0,4
2022-09-07,IT,NO,desktop,7,0,6
2022-09-07,NL,IT,tablet,7,0,5
2022-09-09,IT,DE,mobile,7,0,5
2022-09-09,IT,NO,mobile,7,0,2
2022-09-10,DE,NO,mobile,7,0,3
2022-09-10,IT,NO,desktop,7,2,4
2022-09-10,NO,DE,desktop,7,1,5
2022-09-11,NO,DE,desktop,7,3,7
2022-09-13,IT,NO,mobile,7,0,4
2022-09-14,NO,DE,mobile,7,0,5
2022-09-15,DE,IT,mobile,7,1,4
2022-09-15,DE,NO,mobile,7,0,5
2022-09-16,IT,NO,desktop,7,1,5
2022-09-16,NO,DE,desktop,7,0,2
2022-09-18,DE,IT,mobile,7,0,4
2022-09-18,IT,NO,desktop,7,0,3
2022-09-18,NO,DE,desktop,7,1,2
2022-09-20,DE,US,tablet,7,0,2
2022-09-20,IT,NO,mobile,7,0,4
2022-09-22,DE,IT,mobile,7,0,4
2022-09-22,DE,NO,mobile,7,0,5
2022-09-22,IT,DE,mobile,7,0,2
2022-09-22,NO,IT,desktop,7,0,5
2022-09-25,IT,NO,mobile,7,0,4
2022-09-26,NO,IT,desktop,7,2,6
2022-09-26,NO,IT,mobile,7,0,4
2022-09-27,NO,DE,mobile,7,1,3
2022-09-28,DE,NO,mobile,7,0,3
2022-09-29,DE,US,tablet,7,0,5
2022-09-29,IT,DE,mobile,7,2,6
2022-08-22,IT,DE,mobile,6,0,2
2022-08-23,DE,US,tablet,6,0,2
2022-08-24,NO,IT,desktop,6,1,4
2022-08-25,IT,NO,mobile,6,0,2
2022-08-25,IT,US,tablet,6,0,3
2022-08-26,IT,NO,desktop,6,1,5
2022-08-27,NL,DE,tablet,6,0,4
2022-08-28,IT,DE,desktop,6,2,3
2022-08-28,US,NL,tablet,6,0,3
2022-08-29,NO,IT,mobile,6,0,2
2022-08-29,US,NL,tablet,6,0,1
2022-08-30,NL,DE,tablet,6,0,4
2022-08-31,IT,NO,mobile,6,0,4
2022-08-31,NO,IT,desktop,6,0,1
2022-09-02,NO,DE,mobile,6,1,2
2022-09-02,NO,IT,mobile,6,0,2
2022-09-02,US,NL,tablet,6,0,2
2022-09-03,DE,US,tablet,6,0,4
2022-09-03,IT,NO,mobile,6,1,3
2022-09-03,NL,DE,tablet,6,0,2
2022-09-03,NO,DE,desktop,6,0,4
2022-09-05,NO,IT,desktop,6,0,0
2022-09-06,NO,DE,mobile,6,0,2
2022-09-06,US,NL,tablet,6,0,2
2022-09-07,US,IT,tablet,6,0,2
2022-09-08,IT,DE,mobile,6,0,2
2022-09-09,DE,US,tablet,6,0,3
2022-09-09,NL,IT,tablet,6,0,3
2022-09-09,US,IT,tablet,6,0,2
2022-09-11,DE,IT,desktop,6,0,4
2022-09-11,NL,DE,tablet,6,1,3
2022-09-11,NO,DE,mobile,6,0,4
2022-09-12,DE,US,tablet,6,0,4
2022-09-13,IT,DE,mobile,6,0,2
2022-09-13,IT,US,tablet,6,1,6
2022-09-14,NL,IT,tablet,6,0,5
2022-09-14,NO,IT,mobile,6,1,4
2022-09-15,NL,DE,tablet,6,0,4
2022-09-15,NO,DE,mobile,6,0,5
2022-09-15,NO,IT,desktop,6,1,5
2022-09-16,IT,DE,mobile,6,0,3
2022-09-16,NL,DE,tablet,6,0,4
2022-09-16,NL,IT,tablet,6,0,2
2022-09-16,NO,IT,mobile,6,0,3
2022-09-17,NO,DE,mobile,6,0,2
2022-09-18,IT,DE,mobile,6,1,1
2022-09-19,NL,DE,tablet,6,0,5
2022-09-19,NL,IT,tablet,6,0,3
2022-09-20,DE,NO,mobile,6,0,3
2022-09-20,IT,DE,mobile,6,0,3
2022-09-20,NL,IT,tablet,6,0,5
2022-09-21,IT,DE,mobile,6,1,4
2022-09-22,IT,NO,mobile,6,0,2
2022-09-22,NO,IT,mobile,6,0,2
2022-09-23,DE,IT,mobile,6,0,1
2022-09-24,DE,IT,desktop,6,1,5
2022-09-24,IT,DE,mobile,6,0,2
2022-09-24,NL,DE,tablet,6,0,1
2022-09-24,NL,IT,tablet,6,0,0
2022-09-24,NO,DE,mobile,6,0,2
2022-09-25,DE,IT,mobile,6,0,3
2022-09-25,NO,IT,desktop,6,0,4
2022-09-26,DE,NL,tablet,6,0,4
2022-09-26,DE,NO,mobile,6,0,4
2022-09-26,NO,DE,mobile,6,0,4
2022-09-27,NL,IT,tablet,6,1,2
2022-09-28,NO,IT,desktop,6,0,3
2022-09-29,IT,NO,mobile,6,0,2
2022-09-29,NO,DE,mobile,6,0,1
2022-09-29,NO,IT,desktop,6,2,4
2022-08-22,NL,DE,tablet,5,0,5
2022-08-23,IT,NO,mobile,5,0,1
2022-08-24,IT,DE,mobile,5,0,5
2022-08-24,NL,DE,tablet,5,0,1
2022-08-26,DE,US,tablet,5,0,3
2022-08-26,IT,NO,mobile,5,1,2
2022-08-28,IT,US,tablet,5,0,2
2022-08-28,NL,IT,tablet,5,0,2
2022-08-28,NO,DE,mobile,5,0,2
2022-08-28,NO,IT,mobile,5,0,2
2022-08-29,IT,US,tablet,5,0,4
2022-08-30,IT,DE,mobile,5,0,4
2022-08-30,NL,IT,tablet,5,0,2
2022-08-30,US,NL,tablet,5,0,1
2022-08-31,NO,IT,mobile,5,0,2
2022-09-01,IT,DE,mobile,5,0,3
2022-09-01,IT,NO,mobile,5,0,4
2022-09-01,NO,DE,mobile,5,0,2
2022-09-01,NO,US,tablet,5,0,1
2022-09-03,IT,DE,desktop,5,1,5
2022-09-03,IT,DE,mobile,5,0,2
2022-09-03,US,DE,tablet,5,0,1
2022-09-05,US,NL,tablet,5,0,2
2022-09-06,IT,NO,mobile,5,0,3
2022-09-06,US,NO,tablet,5,1,5
2022-09-07,NL,DE,tablet,5,0,3
2022-09-07,NO,IT,mobile,5,0,3
2022-09-09,NO,IT,desktop,5,1,4
2022-09-10,IT,DE,desktop,5,0,3
2022-09-10,IT,DE,mobile,5,0,3
2022-09-11,DE,US,tablet,5,1,3
2022-09-11,IT,DE,mobile,5,0,1
2022-09-11,NL,NO,tablet,5,0,3
2022-09-11,NO,IT,mobile,5,0,2
2022-09-13,IT,NL,tablet,5,0,2
2022-09-13,NL,DE,tablet,5,0,2
2022-09-14,DE,US,tablet,5,0,2
2022-09-15,DE,US,tablet,5,0,4
2022-09-15,IT,DE,mobile,5,0,4
2022-09-16,IT,US,tablet,5,0,4
2022-09-16,NO,DE,mobile,5,0,2
2022-09-17,DE,US,tablet,5,0,3
2022-09-18,IT,NO,mobile,5,0,1
2022-09-19,NO,DE,desktop,5,0,2
2022-09-20,NL,DE,tablet,5,0,1
2022-09-21,DE,NO,mobile,5,0,1
2022-09-21,NL,DE,tablet,5,1,3
2022-09-21,NO,DE,mobile,5,0,2
2022-09-22,NL,NO,tablet,5,0,2
2022-09-22,NO,DE,mobile,5,0,3
2022-09-23,IT,NO,mobile,5,0,3
2022-09-24,DE,IT,mobile,5,0,3
2022-09-24,IT,DE,desktop,5,0,4
2022-09-25,NL,DE,tablet,5,0,3
2022-09-25,NO,DE,desktop,5,1,3
2022-09-26,NL,DE,tablet,5,0,2
2022-09-27,IT,NO,mobile,5,0,4
2022-09-29,NL,DE,tablet,5,0,2
2022-08-22,IT,NO,mobile,4,0,2
2022-08-23,DE,NL,tablet,4,0,2
2022-08-23,IT,DE,mobile,4,0,1
2022-08-23,NO,DE,mobile,4,0,2
2022-08-23,US,NL,tablet,4,0,1
2022-08-24,NL,IT,tablet,4,0,0
2022-08-24,NL,NO,tablet,4,0,3
2022-08-25,DE,US,tablet,4,0,1
2022-08-25,NL,DE,tablet,4,0,2
2022-08-25,NO,IT,desktop,4,0,3
2022-08-26,NO,IT,desktop,4,1,3
2022-08-26,US,DE,tablet,4,0,0
2022-08-27,US,IT,tablet,4,0,0
2022-08-28,IT,NL,tablet,4,0,2
2022-08-29,IT,NO,mobile,4,0,2
2022-08-29,NO,DE,mobile,4,0,3
2022-08-29,US,IT,tablet,4,0,0
2022-08-30,DE,NL,tablet,4,0,1
2022-08-30,DE,US,tablet,4,0,1
2022-08-30,NO,DE,mobile,4,0,2
2022-08-31,DE,NL,tablet,4,0,2
2022-08-31,IT,DE,mobile,4,0,2
2022-08-31,IT,US,tablet,4,0,3
2022-09-01,NO,IT,mobile,4,0,2
2022-09-02,IT,NO,mobile,4,0,2
2022-09-02,IT,US,tablet,4,0,2
2022-09-03,DE,NL,tablet,4,1,4
2022-09-03,NL,IT,tablet,4,0,3
2022-09-03,NO,IT,desktop,4,0,3
2022-09-04,IT,DE,mobile,4,0,3
2022-09-04,NO,IT,mobile,4,0,1
2022-09-04,US,NL,tablet,4,0,3
2022-09-04,US,NO,tablet,4,0,4
2022-09-05,IT,US,tablet,4,0,3
2022-09-06,US,DE,tablet,4,0,3
2022-09-06,US,IT,tablet,4,1,1
2022-09-07,IT,NO,mobile,4,0,3
2022-09-08,NL,NO,tablet,4,0,2
2022-09-10,DE,NL,tablet,4,1,2
2022-09-10,DE,US,tablet,4,0,1
2022-09-10,IT,NO,mobile,4,0,2
2022-09-11,IT,US,tablet,4,0,3
2022-09-12,IT,NO,mobile,4,0,1
2022-09-13,NO,DE,mobile,4,1,3
2022-09-13,NO,IT,mobile,4,0,0
2022-09-14,DE,NO,mobile,4,0,1
2022-09-15,IT,NO,mobile,4,0,2
2022-09-16,DE,NL,tablet,4,0,2
2022-09-16,IT,NO,mobile,4,0,4
2022-09-16,NO,IT,desktop,4,1,2
2022-09-17,DE,NL,tablet,4,0,3
2022-09-17,NL,IT,tablet,4,0,3
2022-09-17,NO,DE,desktop,4,0,3
2022-09-18,DE,NL,tablet,4,0,3
2022-09-18,NL,IT,tablet,4,0,0
2022-09-18,NO,IT,desktop,4,0,3
2022-09-18,NO,US,tablet,4,0,4
2022-09-19,DE,US,tablet,4,0,3
2022-09-19,NL,NO,tablet,4,0,2
2022-09-20,DE,NL,tablet,4,0,0
2022-09-22,NL,DE,tablet,4,1,2
2022-09-23,NL,DE,tablet,4,0,3
2022-09-23,NO,US,tablet,4,1,3
2022-09-25,NL,IT,tablet,4,1,2
2022-09-26,IT,DE,mobile,4,0,1
2022-09-26,IT,NO,mobile,4,0,2
2022-09-26,NL,IT,tablet,4,0,1
2022-09-26,NL,NO,tablet,4,0,1
2022-09-27,DE,NO,mobile,4,0,4
2022-09-27,NO,IT,mobile,4,0,1
2022-09-27,NO,US,tablet,4,2,1
2022-09-28,DE,US,tablet,4,1,0
2022-09-29,NL,NO,tablet,4,0,2
2022-08-22,NO,IT,desktop,3,0,1
2022-08-22,NO,IT,mobile,3,0,2
2022-08-22,US,NO,tablet,3,2,0
2022-08-23,IT,US,tablet,3,0,3
2022-08-23,US,IT,tablet,3,0,2
2022-08-24,DE,IT,tablet,3,1,2
2022-08-24,IT,US,tablet,3,0,2
2022-08-24,NO,US,tablet,3,0,1
2022-08-24,US,DE,tablet,3,1,0
2022-08-24,US,IT,tablet,3,1,1
2022-08-26,NL,DE,tablet,3,0,1
2022-08-26,NL,NO,tablet,3,0,0
2022-08-26,NO,IT,mobile,3,0,1
2022-08-26,NO,US,tablet,3,0,2
2022-08-26,US,IT,tablet,3,0,0
2022-08-27,IT,US,tablet,3,0,2
2022-08-27,NO,IT,desktop,3,0,1
2022-08-27,US,DE,tablet,3,0,0
2022-08-28,IT,NO,mobile,3,0,0
2022-08-28,US,IT,tablet,3,0,0
2022-08-29,DE,NL,tablet,3,0,2
2022-08-29,NL,IT,tablet,3,0,2
2022-08-29,NO,US,tablet,3,0,1
2022-08-30,DE,NO,tablet,3,0,3
2022-08-31,NL,IT,tablet,3,0,1
2022-08-31,US,DE,tablet,3,0,3
2022-09-01,NL,NO,tablet,3,0,2
2022-09-01,NO,IT,tablet,3,0,0
2022-09-01,US,DE,tablet,3,0,2
2022-09-02,DE,NL,tablet,3,0,3
2022-09-02,NL,IT,tablet,3,0,2
2022-09-02,NL,NO,tablet,3,0,1
2022-09-02,NO,NL,tablet,3,1,2
2022-09-03,IT,NL,tablet,3,0,3
2022-09-03,NO,IT,mobile,3,0,2
2022-09-04,DE,NL,tablet,3,0,2
2022-09-04,IT,NO,mobile,3,0,1
2022-09-04,NL,IT,tablet,3,1,2
2022-09-04,NO,US,tablet,3,0,3
2022-09-04,US,DE,tablet,3,0,2
2022-09-05,IT,DE,mobile,3,0,3
2022-09-05,IT,NO,mobile,3,1,2
2022-09-05,NL,DE,tablet,3,0,2
2022-09-05,US,DE,tablet,3,0,1
2022-09-06,IT,DE,mobile,3,0,1
2022-09-06,NO,US,tablet,3,1,3
2022-09-07,NO,DE,mobile,3,0,2
2022-09-07,NO,US,tablet,3,0,3
2022-09-08,DE,NL,tablet,3,0,2
2022-09-08,NO,IT,mobile,3,0,2
2022-09-10,IT,US,tablet,3,0,2
2022-09-10,NL,IT,tablet,3,0,1
2022-09-10,NO,DE,tablet,3,0,0
2022-09-11,NL,IT,tablet,3,0,1
2022-09-12,IT,DE,mobile,3,0,3
2022-09-12,NL,IT,tablet,3,0,2
2022-09-12,NL,NO,tablet,3,0,2
2022-09-12,NO,DE,mobile,3,1,3
2022-09-13,DE,NL,tablet,3,0,2
2022-09-13,NL,NO,tablet,3,0,0
2022-09-14,IT,DE,mobile,3,0,0
2022-09-14,NO,IT,desktop,3,0,2
2022-09-17,IT,DE,desktop,3,0,3
2022-09-17,NL,NO,tablet,3,0,1
2022-09-17,NO,IT,mobile,3,0,1
2022-09-17,NO,NL,tablet,3,0,1
2022-09-18,NO,DE,mobile,3,0,2
2022-09-19,DE,NL,tablet,3,0,1
2022-09-21,DE,US,tablet,3,0,1
2022-09-21,IT,NO,mobile,3,0,2
2022-09-21,IT,US,tablet,3,0,2
2022-09-27,IT,DE,mobile,3,0,1
2022-09-28,IT,DE,mobile,3,0,3
2022-09-28,IT,NO,mobile,3,0,1
2022-09-28,NL,NO,tablet,3,0,1
2022-09-29,DE,IT,mobile,3,0,3
2022-09-29,NO,US,tablet,3,0,1
2022-08-22,DE,NL,tablet,2,0,0
2022-08-22,IT,US,tablet,2,0,2
2022-08-22,US,IT,tablet,2,0,2
2022-08-23,IT,NL,tablet,2,0,1
2022-08-23,NO,IT,mobile,2,0,0
2022-08-23,US,DE,tablet,2,0,2
2022-08-24,IT,NO,mobile,2,0,1
2022-08-24,NO,IT,mobile,2,0,1
2022-08-25,NL,NO,tablet,2,0,2
2022-08-25,NO,IT,tablet,2,0,0
2022-08-25,US,IT,tablet,2,0,0
2022-08-26,DE,NL,tablet,2,0,0
2022-08-26,IT,US,tablet,2,0,1
2022-08-26,NL,IT,tablet,2,0,1
2022-08-26,NO,DE,mobile,2,0,1
2022-08-27,NO,DE,desktop,2,0,0
2022-08-27,NO,IT,mobile,2,0,0
2022-08-28,NL,NO,tablet,2,0,1
2022-08-28,NO,US,tablet,2,0,1
2022-08-28,US,NO,tablet,2,1,1
2022-08-29,NO,IT,tablet,2,0,0
2022-08-30,IT,US,tablet,2,0,0
2022-08-30,NL,NO,tablet,2,0,0
2022-08-30,NO,IT,desktop,2,0,1
2022-08-30,NO,US,tablet,2,0,1
2022-08-30,US,DE,tablet,2,0,1
2022-08-31,DE,IT,tablet,2,0,0
2022-08-31,IT,DE,tablet,2,0,1
2022-08-31,NL,NO,tablet,2,0,2
2022-08-31,NO,US,tablet,2,0,0
2022-08-31,US,IT,tablet,2,0,1
2022-09-01,DE,NL,tablet,2,0,1
2022-09-01,US,IT,tablet,2,0,0
2022-09-01,US,NO,tablet,2,0,0
2022-09-03,NO,DE,mobile,2,0,2
2022-09-04,IT,NL,tablet,2,0,1
2022-09-04,NL,NO,tablet,2,0,0
2022-09-04,US,IT,tablet,2,0,0
2022-09-05,DE,NL,tablet,2,0,1
2022-09-05,IT,NL,tablet,2,0,2
2022-09-05,NL,IT,tablet,2,0,2
2022-09-05,US,NO,tablet,2,1,2
2022-09-06,NO,IT,mobile,2,0,0
2022-09-08,DE,NO,tablet,2,0,2
2022-09-08,IT,US,tablet,2,0,2
2022-09-09,NO,DE,mobile,2,0,1
2022-09-10,DE,NO,tablet,2,0,1
2022-09-10,NO,IT,desktop,2,1,2
2022-09-11,IT,NO,mobile,2,0,1
2022-09-12,IT,NL,tablet,2,0,0
2022-09-13,NO,IT,desktop,2,0,2
2022-09-13,NO,US,tablet,2,0,2
2022-09-14,IT,NO,mobile,2,0,1
2022-09-15,NL,NO,tablet,2,0,2
2022-09-15,NO,US,tablet,2,0,1
2022-09-16,NL,NO,tablet,2,0,1
2022-09-17,IT,DE,tablet,2,0,0
2022-09-17,IT,US,tablet,2,0,2
2022-09-17,NO,IT,desktop,2,0,1
2022-09-17,NO,US,tablet,2,0,2
2022-09-19,IT,NO,mobile,2,0,1
2022-09-19,NO,DE,mobile,2,0,2
2022-09-19,NO,US,tablet,2,0,1
2022-09-20,IT,NL,tablet,2,0,2
2022-09-20,NO,DE,mobile,2,0,0
2022-09-20,NO,US,tablet,2,0,1
2022-09-21,DE,NL,tablet,2,0,0
2022-09-21,NO,IT,tablet,2,0,1
2022-09-21,NO,US,tablet,2,0,1
2022-09-22,DE,NL,tablet,2,0,1
2022-09-22,IT,US,tablet,2,0,2
2022-09-23,NL,NO,tablet,2,0,0
2022-09-23,NO,DE,mobile,2,0,0
2022-09-23,NO,IT,mobile,2,0,1
2022-09-24,NO,NL,tablet,2,0,2
2022-09-24,NO,US,tablet,2,0,2
2022-09-25,DE,NL,tablet,2,0,1
2022-09-25,IT,US,tablet,2,0,1
2022-09-25,NO,IT,mobile,2,0,1
2022-09-25,NO,US,tablet,2,0,2
2022-09-26,DE,US,tablet,2,0,2
2022-09-29,NL,IT,tablet,2,0,0
2022-08-22,IT,DE,tablet,1,0,0
2022-08-22,NL,IT,tablet,1,0,0
2022-08-22,NL,NO,tablet,1,0,0
2022-08-22,NO,US,tablet,1,0,0
2022-08-22,US,DE,tablet,1,0,1
2022-08-22,US,NL,tablet,1,0,1
2022-08-23,DE,IT,tablet,1,0,1
2022-08-23,IT,DE,tablet,1,0,1
2022-08-23,NL,IT,tablet,1,0,1
2022-08-23,NL,NO,tablet,1,0,0
2022-08-23,NO,US,tablet,1,0,0
2022-08-24,DE,NO,tablet,1,0,0
2022-08-24,IT,NL,tablet,1,0,0
2022-08-24,NO,IT,tablet,1,0,1
2022-08-25,DE,IT,tablet,1,0,1
2022-08-25,DE,NL,tablet,1,0,0
2022-08-25,NL,IT,tablet,1,0,0
2022-08-25,NO,IT,mobile,1,0,0
2022-08-25,US,DE,tablet,1,0,0
2022-08-25,US,NO,tablet,1,0,1
2022-08-26,DE,NO,tablet,1,0,0
2022-08-26,IT,NO,tablet,1,0,1
2022-08-27,DE,IT,tablet,1,0,1
2022-08-27,DE,NL,tablet,1,0,0
2022-08-27,IT,NL,tablet,1,0,0
2022-08-27,IT,NO,mobile,1,0,0
2022-08-27,NL,IT,tablet,1,0,0
2022-08-27,NL,NO,tablet,1,0,0
2022-08-27,NO,NL,tablet,1,0,0
2022-08-27,NO,US,tablet,1,1,1
2022-08-27,US,NO,tablet,1,0,0
2022-08-28,DE,NO,tablet,1,0,0
2022-08-28,NO,IT,tablet,1,0,0
2022-08-28,NO,NL,tablet,1,0,0
2022-08-29,DE,IT,tablet,1,0,1
2022-08-29,IT,NL,tablet,1,0,0
2022-08-29,NO,NL,tablet,1,0,0
2022-08-29,US,DE,tablet,1,0,0
2022-08-29,US,NO,tablet,1,0,1
2022-08-30,IT,NL,tablet,1,0,0
2022-08-30,NO,IT,mobile,1,0,1
2022-08-30,NO,IT,tablet,1,0,1
2022-08-30,US,IT,tablet,1,0,0
2022-08-30,US,NO,tablet,1,0,1
2022-08-31,IT,NL,tablet,1,0,0
2022-08-31,NO,DE,mobile,1,0,1
2022-08-31,NO,NL,tablet,1,0,1
2022-09-01,IT,US,tablet,1,0,1
2022-09-02,DE,IT,tablet,1,0,1
2022-09-02,US,DE,tablet,1,0,0
2022-09-02,US,IT,tablet,1,0,1
2022-09-03,NO,US,tablet,1,0,1
2022-09-03,US,NO,tablet,1,0,0
2022-09-04,DE,IT,tablet,1,0,0
2022-09-04,DE,NO,tablet,1,0,1
2022-09-04,IT,US,tablet,1,0,1
2022-09-05,DE,NO,tablet,1,0,1
2022-09-05,IT,NO,tablet,1,0,1
2022-09-05,NL,NO,tablet,1,0,0
2022-09-05,NO,NL,tablet,1,0,0
2022-09-05,US,IT,tablet,1,0,0
2022-09-06,NL,NO,tablet,1,0,0
2022-09-06,NO,DE,tablet,1,0,1
2022-09-07,DE,IT,tablet,1,0,0
2022-09-07,DE,US,tablet,1,0,1
2022-09-07,IT,DE,tablet,1,0,1
2022-09-07,IT,NL,tablet,1,0,1
2022-09-07,IT,NO,tablet,1,0,1
2022-09-07,IT,US,tablet,1,0,1
2022-09-07,NL,NO,tablet,1,0,0
2022-09-08,DE,IT,tablet,1,0,1
2022-09-08,NO,US,tablet,1,0,1
2022-09-09,DE,IT,tablet,1,0,0
2022-09-09,IT,NL,tablet,1,0,1
2022-09-09,NL,NO,tablet,1,0,0
2022-09-09,NO,US,tablet,1,0,0
2022-09-10,IT,NL,tablet,1,0,1
2022-09-10,IT,NO,tablet,1,0,1
2022-09-10,NO,DE,mobile,1,0,1
2022-09-10,NO,US,tablet,1,0,1
2022-09-11,DE,NL,tablet,1,0,1
2022-09-11,NO,IT,tablet,1,0,1
2022-09-11,NO,US,tablet,1,0,1
2022-09-12,DE,NL,tablet,1,0,0
2022-09-12,NO,DE,tablet,1,0,0
2022-09-12,NO,US,tablet,1,0,0
2022-09-13,DE,NO,tablet,1,0,1
2022-09-13,IT,NO,tablet,1,0,1
2022-09-13,NO,IT,tablet,1,0,1
2022-09-14,DE,IT,tablet,1,0,1
2022-09-14,DE,NL,tablet,1,0,0
2022-09-14,IT,DE,tablet,1,0,1
2022-09-14,IT,NL,tablet,1,0,0
2022-09-14,IT,NO,tablet,1,0,1
2022-09-14,IT,US,tablet,1,0,0
2022-09-14,NO,US,tablet,1,0,1
2022-09-15,DE,NL,tablet,1,0,0
2022-09-15,IT,US,tablet,1,0,0
2022-09-15,NO,IT,tablet,1,0,1
2022-09-15,NO,NL,tablet,1,0,1
2022-09-16,DE,NO,tablet,1,0,1
2022-09-16,NO,NL,tablet,1,1,0
2022-09-17,DE,IT,tablet,1,0,1
2022-09-17,DE,NO,tablet,1,0,1
2022-09-17,IT,NL,tablet,1,0,0
2022-09-17,IT,NO,desktop,1,0,0
2022-09-18,NO,IT,tablet,1,0,0
2022-09-19,DE,NO,tablet,1,0,1
2022-09-19,IT,US,tablet,1,0,1
2022-09-19,NO,DE,tablet,1,0,1
2022-09-19,NO,IT,tablet,1,0,1
2022-09-20,NL,NO,tablet,1,0,1
2022-09-20,NO,IT,desktop,1,0,1
2022-09-21,NL,NO,tablet,1,0,0
2022-09-22,IT,DE,tablet,1,0,1
2022-09-22,IT,NL,tablet,1,0,0
2022-09-22,NL,IT,tablet,1,0,1
2022-09-22,NO,US,tablet,1,0,0
2022-09-23,DE,NL,tablet,1,0,1
2022-09-23,IT,NL,tablet,1,1,0
2022-09-24,DE,IT,tablet,1,0,1
2022-09-24,DE,NL,tablet,1,0,1
2022-09-24,IT,DE,tablet,1,0,1
2022-09-24,IT,NL,tablet,1,0,1
2022-09-24,IT,US,tablet,1,0,1
2022-09-24,NL,NO,tablet,1,0,1
2022-09-24,NO,IT,tablet,1,0,0
2022-09-25,IT,NL,tablet,1,0,1
2022-09-25,NL,NO,tablet,1,0,1
2022-09-26,DE,IT,tablet,1,0,1
2022-09-26,DE,NO,tablet,1,0,0
2022-09-26,IT,US,tablet,1,0,1
2022-09-27,DE,IT,tablet,1,0,1
2022-09-27,DE,NL,tablet,1,1,1
2022-09-27,IT,NL,tablet,1,0,0
2022-09-27,NL,NO,tablet,1,0,0
2022-09-28,DE,NL,tablet,1,0,0
2022-09-28,IT,NL,tablet,1,0,1
2022-09-28,IT,NO,tablet,1,0,1
2022-09-29,DE,NO,tablet,1,0,1
2022-09-29,IT,US,tablet,1,0,1
2022-09-29,NO,DE,tablet,1,0,0
